0, 876, 593, 352
4, 2104, 1375, 661
8, 3328, 2153, 834
12, 4548, 2927, 998
16, 5736, 3669, 1147
20, 6960, 4447, 1316
24, 8143, 5184, 1446
28, 9328, 5923, 1597
32, 10514, 6663, 1734
36, 11737, 7440, 1883
40, 12959, 8216, 2048
44, 14185, 8996, 2199
48, 15369, 9734, 2346
52, 16560, 10479, 2494
56, 17781, 11254, 2644
60, 19002, 12029, 2816
64, 20266, 12847, 3004
68, 21487, 13622, 3166
72, 22707, 14396, 3340
76, 23935, 15178, 3500
80, 25157, 15954, 3647
84, 26380, 16731, 3819
88, 27604, 17509, 3979
92, 28824, 18283, 4137
96, 30046, 19059, 4299
100, 31269, 19836, 4447
104, 32452, 20573, 4583
108, 33635, 21310, 4736
112, 34859, 22088, 4897
116, 36081, 22864, 5053
120, 37302, 23639, 5207
124, 38520, 24411, 5366
128, 39705, 25150, 5502
132, 40919, 25918, 5680
136, 42140, 26693, 5809
140, 43362, 27469, 5976
144, 44584, 28245, 6142
148, 45811, 29026, 6294
152, 47003, 29772, 6435
156, 48231, 30554, 6619
160, 49416, 31293, 6762
164, 50600, 32031, 6906
168, 51786, 32771, 7031
172, 52968, 33507, 7171
176, 54154, 34247, 7334
180, 55383, 35030, 7491
184, 56576, 35777, 7644
188, 57766, 36521, 7763
192, 58991, 37300, 7869
196, 60222, 38085, 8032
200, 61449, 38866, 8203
204, 62686, 39657, 8338
208, 63920, 40445, 8497
212, 65158, 41237, 8651
216, 66389, 42022, 8807
220, 67610, 42797, 8937
224, 68840, 43581, 9116
228, 70071, 44366, 9280
232, 71263, 45112, 9401
236, 72442, 45845, 9538
240, 73633, 46590, 9674
244, 74812, 47323, 9795
248, 76044, 48109, 9977
252, 77268, 48887, 10130
256, 78450, 49623, 10281
260, 79635, 50362, 10378
264, 80823, 51104, 10541
268, 82042, 51877, 10697
272, 83231, 52620, 10851
276, 84471, 53414, 11020
280, 85693, 54190, 11191
284, 86923, 54974, 11361
288, 88150, 55755, 11523
292, 89376, 56535, 11680
296, 90603, 57316, 11833
300, 91827, 58094, 12007
304, 93052, 58873, 12168
308, 94277, 59652, 12342
312, 95463, 60392, 12445
316, 96690, 61173, 12615
320, 97879, 61916, 12761
324, 99066, 62657, 12917
328, 100250, 63395, 13028
332, 101435, 64134, 13176
336, 102622, 64875, 13335
340, 103808, 65615, 13457
344, 104994, 66355, 13585
348, 106181, 67096, 13751
352, 107407, 67876, 13867
356, 108636, 68659, 14058
360, 109861, 69438, 14214
364, 111087, 70218, 14360
368, 112313, 70998, 14501
372, 113508, 71747, 14672
376, 114744, 72537, 14848
380, 115966, 73313, 15003
384, 117157, 74058, 15144
388, 118346, 74801, 15278
392, 119532, 75541, 15411
396, 120751, 76314, 15580
400, 121993, 77110, 15766
404, 123201, 77872, 15905
408, 124424, 78649, 16047
412, 125619, 79398, 16198
416, 126871, 80204, 16397
420, 128085, 80972, 16520
424, 129292, 81733, 16673
428, 130536, 82531, 16817
432, 131773, 83322, 16953
436, 132998, 84101, 17121
440, 134229, 84886, 17312
444, 135451, 85662, 17452
448, 136679, 86444, 17609
452, 137869, 87188, 17744
456, 139101, 87974, 17924
460, 140333, 88760, 18118
464, 141567, 89548, 18241
468, 142792, 90327, 18433
472, 144016, 91105, 18560
476, 145245, 91888, 18707
480, 146468, 92665, 18926
484, 147694, 93445, 19012
488, 148920, 94225, 19228
492, 150145, 95004, 19336
496, 151371, 95784, 19510
500, 152597, 96564, 19668
504, 153828, 97349, 19855
508, 155050, 98125, 19989
512, 156234, 98863, 20096
516, 157468, 99651, 20265
520, 158654, 100391, 20394
524, 159853, 101144, 20554
528, 161040, 101885, 20669
532, 162244, 102643, 20827
536, 163429, 103382, 20963
540, 164619, 104126, 21098
544, 165807, 104868, 21240
548, 167012, 105627, 21377
552, 168196, 106365, 21506
556, 169387, 107110, 21671
560, 170572, 107849, 21769
564, 171757, 108588, 21906
568, 172942, 109327, 22046
572, 174127, 110066, 22212
576, 175312, 110805, 22321
580, 176497, 111544, 22435
584, 177695, 112296, 22553
588, 178893, 113048, 22767
592, 180086, 113795, 22890
596, 181321, 114584, 23077
600, 182519, 115336, 23154
604, 183752, 116123, 23320
608, 184950, 116875, 23498
612, 186186, 117665, 23639
616, 187389, 118422, 23773
620, 188580, 119167, 23917
624, 189823, 119964, 24162
628, 191015, 120710, 24251
632, 192230, 121479, 24402
636, 193456, 122259, 24556
640, 194679, 123036, 24729
644, 195897, 123808, 24873
648, 197092, 124557, 24992
652, 198321, 125340, 25174
656, 199540, 126113, 25316
660, 200761, 126888, 25535
664, 202001, 127682, 25686
668, 203243, 128478, 25849
672, 204474, 129263, 26008
676, 205692, 130035, 26169
680, 206922, 130819, 26335
684, 208146, 131597, 26463
688, 209365, 132370, 26605
692, 210597, 133156, 26788
696, 211822, 133935, 26948
700, 213068, 134735, 27103
704, 214257, 135478, 27262
708, 215485, 136260, 27413
712, 216709, 137038, 27585
716, 217930, 137813, 27730
720, 219153, 138590, 27892
724, 220374, 139365, 28084
728, 221595, 140140, 28221
732, 222818, 140917, 28353
736, 224001, 141654, 28503
740, 225187, 142394, 28606
744, 226409, 143170, 28770
748, 227637, 143952, 28911
752, 228858, 144727, 29126
756, 230087, 145510, 29293
760, 231310, 146287, 29393
764, 232495, 147026, 29571
768, 233719, 147804, 29709
772, 234946, 148585, 29860
776, 236180, 149373, 30053
780, 237415, 150162, 30196
784, 238642, 150943, 30376
788, 239866, 151721, 30502
792, 241088, 152497, 30696
796, 242315, 153278, 30862
800, 243535, 154052, 30998
804, 244758, 154829, 31169
808, 245980, 155605, 31298
812, 247202, 156381, 31452
816, 248423, 157156, 31585
820, 249609, 157896, 31746
824, 250794, 158635, 31845
828, 251978, 159373, 31986
832, 253202, 160151, 32110
836, 254387, 160890, 32228
840, 255573, 161630, 32436
844, 256795, 162406, 32521
848, 257980, 163145, 32709
852, 259158, 163877, 32847
856, 260428, 164701, 33042
860, 261615, 165442, 33184
864, 262803, 166184, 33318
868, 264073, 167008, 33514
872, 265286, 167775, 33634
876, 266512, 168555, 33821
880, 267697, 169294, 33948
884, 268919, 170070, 34078
888, 270153, 170858, 34256
892, 271384, 171643, 34425
896, 272618, 172431, 34552
900, 273802, 173169, 34647
904, 275021, 173942, 34843
908, 276219, 174694, 35029
912, 277418, 175447, 35153
916, 278617, 176200, 35330
920, 279850, 176987, 35467
924, 281086, 177777, 35663
928, 282319, 178564, 35814
932, 283555, 179354, 36033
936, 284776, 180129, 36172
940, 286003, 180910, 36321
944, 287239, 181700, 36490
948, 288465, 182480, 36692
952, 289691, 183260, 36851
956, 290916, 184039, 36984
960, 292144, 184821, 37161
964, 293332, 185563, 37288
968, 294522, 186307, 37421
972, 295746, 187085, 37585
976, 296967, 187860, 37753
980, 298189, 188636, 37909
984, 299411, 189412, 38074
988, 300633, 190188, 38222
992, 301859, 190968, 38352
996, 303082, 191745, 38550
1000, 304307, 192524, 38673
1004, 305533, 193304, 38837
1008, 306757, 194082, 39040
1012, 307981, 194860, 39155
1016, 309204, 195637, 39332
1020, 310427, 196414, 39486
1024, 311650, 197191, 39680
1028, 312871, 197966, 39774
1032, 314057, 198706, 39870
1036, 315244, 199447, 39996
1040, 316468, 200225, 40208
1044, 317691, 201002, 40356
1048, 318925, 201790, 40574
1052, 320148, 202567, 40721
1056, 321373, 203346, 40804
1060, 322596, 204123, 40968
1064, 323861, 204942, 41231
1068, 325088, 205723, 41302
1072, 326337, 206526, 41527
1076, 327558, 207301, 41639
1080, 328745, 208042, 41789
1084, 329931, 208782, 41906
1088, 331156, 209561, 42040
1092, 332343, 210302, 42087
1096, 333530, 211043, 42264
1100, 334717, 211784, 42429
1104, 335904, 212525, 42578
1108, 337129, 213304, 42688
1112, 338353, 214082, 42841
1116, 339577, 214860, 42992
1120, 340848, 215685, 43207
1124, 342073, 216464, 43351
1128, 343298, 217243, 43452
1132, 344523, 218022, 43634
1136, 345748, 218801, 43753
1140, 346973, 219580, 43926
1144, 348198, 220359, 44040
1148, 349422, 221137, 44184
1152, 350648, 221917, 44379
1156, 351873, 222696, 44488
1160, 353098, 223475, 44619
1164, 354324, 224255, 44782
1168, 355549, 225034, 44904
1172, 356774, 225813, 45041
1176, 357999, 226592, 45179
1180, 359186, 227333, 45312
1184, 360412, 228113, 45430
1188, 361635, 228890, 45583
1192, 362860, 229669, 45739
1196, 364085, 230448, 45859
1200, 365312, 231229, 46075
1204, 366539, 232010, 46166
1208, 367765, 232790, 46315
1212, 368990, 233569, 46477
1216, 370214, 234347, 46590
1220, 371439, 235126, 46813
1224, 372628, 235869, 46913
1228, 373814, 236609, 47010
1232, 374999, 237348, 47117
1236, 376187, 238090, 47301
1240, 377374, 238831, 47382
1244, 378563, 239574, 47529
1248, 379749, 240314, 47652
1252, 380944, 241063, 47857
1256, 382139, 241812, 47987
1260, 383335, 242562, 48148
1264, 384532, 243313, 48309
1268, 385727, 244062, 48393
1272, 386922, 244811, 48529
1276, 388117, 245560, 48714
1280, 389310, 246307, 48777
1284, 390504, 247055, 48951
1288, 391697, 247802, 49052
1292, 392872, 248531, 49232
1296, 394060, 249273, 49342
1300, 395250, 250017, 49522
1304, 396438, 250759, 49596
1308, 397627, 251502, 49703
1312, 398817, 252246, 49883
1316, 400007, 252990, 50009
1320, 401191, 253728, 50172
1324, 402380, 254471, 50389
1328, 403572, 255217, 50493
1332, 404759, 255958, 50627
1336, 405964, 256717, 50800
1340, 407151, 257458, 50914
1344, 408337, 258198, 51140
1348, 409522, 258937, 51133
1352, 410718, 259687, 51341
1356, 411906, 260429, 51444
1360, 413090, 261167, 51639
1364, 414275, 261906, 51749
1368, 415458, 262643, 51871
1372, 416642, 263381, 52034
1376, 417826, 264119, 52164
1380, 419010, 264857, 52237
1384, 420193, 265594, 52393
1388, 421379, 266334, 52539
1392, 422562, 267071, 52657
1396, 423746, 267809, 52785
1400, 424960, 268577, 52903
1404, 426149, 269320, 53152
1408, 427352, 270077, 53239
1412, 428537, 270816, 53414
1416, 429761, 271594, 53599
1420, 430947, 272334, 53700
1424, 432130, 273071, 53844
1428, 433315, 273810, 54000
1432, 434500, 274549, 54141
1436, 435684, 275287, 54335
1440, 436867, 276024, 54396
1444, 438051, 276762, 54534
1448, 439234, 277499, 54692
1452, 440419, 278238, 54864
1456, 441605, 278978, 54972
1460, 442790, 279717, 55111
1464, 443992, 280473, 55214
1468, 445177, 281212, 55405
1472, 446367, 281956, 55523
1476, 447556, 282699, 55694
1480, 448745, 283442, 55818
1484, 449931, 284182, 55940
1488, 451118, 284923, 56096
1492, 452311, 285670, 56237
1496, 453499, 286412, 56350
1500, 454687, 287154, 56431
1504, 455874, 287895, 56639
1508, 457067, 288642, 56788
1512, 458255, 289384, 56894
1516, 459447, 290130, 57040
1520, 460639, 290876, 57208
1524, 461838, 291629, 57361
1528, 463017, 292362, 57520
1532, 464195, 293094, 57643
1536, 465373, 293826, 57805
1540, 466552, 294559, 57879
1544, 467732, 295293, 58057
1548, 468911, 296026, 58166
1552, 470091, 296760, 58331
1556, 471273, 297496, 58490
1560, 472454, 298231, 58567
1564, 473633, 298964, 58659
1568, 474814, 299699, 58872
1572, 475999, 300438, 59000
1576, 477179, 301172, 59192
1580, 478359, 301906, 59278
1584, 479539, 302640, 59430
1588, 480720, 303375, 59583
1592, 481900, 304109, 59721
1596, 483079, 304842, 59860
1600, 484259, 305576, 59933
1604, 485436, 306307, 60089
1608, 486616, 307041, 60202
1612, 487797, 307776, 60339
1616, 488979, 308512, 60482
1620, 490159, 309246, 60624
1624, 491338, 309979, 60713
1628, 492518, 310713, 60918
1632, 493699, 311448, 61036
1636, 494878, 312181, 61119
1640, 496060, 312917, 61240
1644, 497241, 313652, 61437
1648, 498422, 314387, 61533
1652, 499604, 315123, 61639
1656, 500789, 315862, 61760
1660, 501973, 316600, 61941
1664, 503156, 317337, 62048
1668, 504339, 318074, 62228
1672, 505520, 318809, 62306
1676, 506702, 319545, 62497
1680, 507882, 320279, 62612
1684, 509062, 321013, 62801
1688, 510246, 321751, 62878
1692, 511426, 322485, 63012
1696, 512609, 323222, 63121
1700, 513792, 323959, 63289
1704, 514974, 324695, 63364
1708, 516157, 325432, 63555
1712, 517338, 326167, 63629
1716, 518529, 326912, 63802
1720, 519713, 327650, 63969
1724, 520897, 328388, 64025
1728, 522082, 329127, 64191
1732, 523266, 329865, 64364
1736, 524452, 330605, 64474
1740, 525635, 331342, 64605
1744, 526819, 332080, 64685
1748, 528005, 332820, 64824
1752, 529190, 333559, 64970
1756, 530375, 334298, 65165
1760, 531571, 335048, 65255
1764, 532758, 335789, 65470
1768, 533942, 336527, 65517
1772, 535130, 337269, 65693
1776, 536343, 338036, 65814
1780, 537554, 338801, 65939
1784, 538748, 339549, 66150
1788, 539950, 340305, 66265
1792, 541151, 341060, 66404
1796, 542353, 341816, 66530
1800, 543564, 342581, 66715
1804, 544748, 343319, 66785
1808, 545962, 344087, 67021
1812, 547184, 344863, 67081
1816, 548384, 345617, 67300
1820, 549585, 346372, 67406
1824, 550796, 347137, 67575
1828, 552008, 347903, 67717
1832, 553224, 348673, 67823
1836, 554437, 349440, 67919
1840, 555625, 350182, 68183
1844, 556810, 350921, 68278
1848, 558003, 351668, 68422
1852, 559187, 352406, 68578
1856, 560371, 353144, 68620
1860, 561562, 353889, 68805
1864, 562750, 354631, 68998
1868, 563939, 355374, 69085
1872, 565135, 356124, 69249
1876, 566321, 356864, 69343
1880, 567505, 357602, 69508
1884, 568686, 358337, 69656
1888, 569871, 359076, 69743
1892, 571048, 359807, 69884
1896, 572238, 360551, 70064
1900, 573437, 361304, 70200
1904, 574627, 362048, 70357
1908, 575816, 362791, 70397
1912, 577013, 363542, 70625
1916, 578202, 364285, 70760
1920, 579391, 365028, 70876
1924, 580582, 365773, 71004
1928, 581770, 366515, 71106
1932, 583029, 367328, 71351
1936, 584220, 368073, 71536
1940, 585406, 368813, 71620
1944, 586594, 369555, 71744
1948, 587783, 370298, 71907
1952, 588971, 371040, 71942
1956, 590159, 371782, 72170
1960, 591429, 372606, 72333
1964, 592656, 373387, 72556
1968, 593881, 374166, 72698
1972, 595107, 374946, 72812
1976, 596292, 375685, 72993
1980, 597477, 376424, 73181
1984, 598701, 377202, 73290
1988, 599929, 377984, 73477
1992, 601200, 378809, 73634
1996, 602388, 379551, 73756
2000, 603609, 380326, 73913
2004, 604836, 381107, 74084
2008, 606087, 381912, 74254
2012, 607374, 382753, 74512
2016, 608578, 383511, 74670
2020, 609781, 384268, 74841
2024, 610967, 385008, 74956
2028, 612169, 385764, 75034
2032, 613351, 386500, 75123
2036, 614540, 387243, 75281
2040, 615727, 387984, 75473
2044, 616919, 388730, 75524
2048, 618106, 389471, 75756
2052, 619295, 390214, 75896
2056, 620484, 390957, 75978
2060, 621710, 391737, 76134
2064, 622937, 392518, 76237
2068, 624163, 393298, 76415
2072, 625352, 394041, 76623
2076, 626576, 394819, 76703
2080, 627766, 395563, 76867
2084, 628990, 396341, 77008
2088, 630212, 397117, 77161
2092, 631439, 397898, 77200
2096, 632625, 398638, 77428
2100, 633854, 399421, 77574
2104, 635092, 400213, 77727
2108, 636328, 401003, 77847
2112, 637564, 401793, 78109
2116, 638763, 402546, 78210
2120, 639964, 403301, 78362
2124, 641162, 404053, 78561
2128, 642395, 404840, 78680
2132, 643598, 405597, 78932
2136, 644832, 406385, 79021
2140, 646031, 407138, 79147
2144, 647251, 407912, 79381
2148, 648449, 408664, 79459
2152, 649688, 409457, 79683
2156, 650919, 410242, 79847
2160, 652159, 411036, 79929
2164, 653378, 411809, 80200
2168, 654623, 412608, 80378
2172, 655847, 413386, 80513
2176, 657033, 414126, 80566
2180, 658266, 414913, 80790
2184, 659453, 415654, 80895
2188, 660640, 416395, 81130
2192, 661865, 417174, 81235
2196, 663090, 417953, 81361
2200, 664315, 418732, 81594
2204, 665542, 419513, 81705
2208, 666763, 420288, 81865
2212, 667950, 421029, 82010
2216, 669175, 421808, 82230
2220, 670401, 422588, 82328
2224, 671628, 423369, 82453
2228, 672850, 424145, 82586
2232, 674076, 424925, 82828
2236, 675303, 425706, 82932
2240, 676530, 426487, 83097
2244, 677757, 427268, 83143
2248, 678981, 428046, 83375
2252, 680206, 428825, 83513
2256, 681432, 429605, 83615
2260, 682619, 430346, 83751
2264, 683846, 431127, 83914
2268, 685072, 431907, 84140
2272, 686261, 432650, 84240
2276, 687487, 433430, 84400
2280, 688711, 434208, 84578
2284, 689935, 434986, 84680
2288, 691178, 435783, 84944
2292, 692373, 436532, 84989
2296, 693618, 437331, 85229
2300, 694886, 438153, 85362
2304, 696094, 438915, 85550
2308, 697354, 439729, 85684
2312, 698599, 440528, 85877
2316, 699824, 441307, 86025
2320, 701032, 442069, 86102
2324, 702221, 442812, 86276
2328, 703453, 443598, 86420
2332, 704731, 444430, 86681
2336, 705920, 445173, 86720
2340, 707145, 445952, 86957
2344, 708332, 446693, 87055
2348, 709556, 447471, 87164
2352, 710781, 448250, 87365
2356, 712006, 449029, 87410
2360, 713232, 449809, 87557
2364, 714458, 450589, 87733
2368, 715685, 451370, 87950
2372, 716875, 452114, 88065
2376, 718101, 452894, 88162
2380, 719327, 453674, 88305
2384, 720552, 454453, 88443
2388, 721778, 455233, 88552
2392, 723003, 456012, 88771
2396, 724229, 456792, 88942
2400, 725454, 457571, 89077
2404, 726680, 458351, 89231
2408, 727904, 459129, 89339
2412, 729128, 459907, 89460
2416, 730352, 460685, 89583
2420, 731578, 461465, 89792
2424, 732802, 462243, 89849
2428, 734027, 463022, 90043
2432, 735250, 463799, 90288
2436, 736474, 464577, 90367
2440, 737696, 465353, 90533
2444, 738920, 466131, 90795
2448, 740142, 466907, 90886
2452, 741367, 467686, 91020
2456, 742589, 468462, 91196
2460, 743812, 469239, 91319
2464, 745035, 470016, 91397
2468, 746259, 470794, 91656
2472, 747446, 471535, 91728
2476, 748632, 472275, 91864
2480, 749856, 473053, 92026
2484, 751081, 473832, 92148
2488, 752305, 474610, 92277
2492, 753493, 475352, 92394
2496, 754681, 476094, 92519
2500, 755909, 476876, 92725
2504, 757099, 477620, 92844
2508, 758287, 478362, 92944
2512, 759513, 479142, 93072
2516, 760703, 479886, 93261
2520, 761891, 480628, 93414
2524, 763078, 481369, 93485
2528, 764267, 482112, 93644
2532, 765466, 482865, 93777
2536, 766696, 483649, 93973
2540, 767871, 484378, 94103
2544, 769099, 485160, 94253
2548, 770284, 485899, 94427
2552, 771496, 486665, 94675
2556, 772756, 487479, 94821
2560, 773940, 488217, 94879
2564, 775126, 488957, 95065
2568, 776349, 489734, 95257
2572, 777535, 490474, 95400
2576, 778768, 491261, 95552
2580, 779990, 492037, 95708
2584, 781215, 492816, 95803
2588, 782451, 493606, 95966
2592, 783640, 494349, 96115
2596, 784879, 495142, 96365
2600, 786077, 495894, 96425
2604, 787311, 496682, 96617
2608, 788523, 497448, 96777
2612, 789752, 498231, 96855
2616, 790982, 499015, 97020
2620, 792211, 499798, 97240
2624, 793438, 500579, 97395
2628, 794666, 501361, 97514
2632, 795934, 502183, 97804
2636, 797160, 502963, 97918
2640, 798386, 503743, 98078
2644, 799611, 504522, 98134
2648, 800837, 505302, 98404
2652, 802062, 506081, 98541
2656, 803284, 506857, 98692
2660, 804507, 507634, 98776
2664, 805728, 508409, 98983
2668, 806952, 509187, 99150
2672, 808174, 509963, 99347
2676, 809397, 510740, 99478
2680, 810617, 511514, 99583
2684, 811841, 512292, 99807
2688, 813063, 513068, 99904
2692, 814250, 513809, 100132
2696, 815474, 514587, 100259
2700, 816700, 515367, 100429
2704, 817923, 516144, 100503
2708, 819149, 516924, 100644
2712, 820377, 517706, 100796
2716, 821602, 518485, 100974
2720, 822829, 519266, 101106
2724, 824053, 520044, 101199
2728, 825279, 520824, 101499
2732, 826505, 521604, 101576
2736, 827730, 522383, 101745
2740, 828953, 523160, 101888
2744, 830141, 523902, 102035
2748, 831358, 524673, 102210
2752, 832611, 525480, 102338
2756, 833870, 526293, 102592
2760, 835095, 527072, 102673
2764, 836353, 527884, 102887
2768, 837618, 528703, 102970
2772, 838870, 529509, 103252
2776, 840095, 530288, 103417
2780, 841317, 531064, 103545
2784, 842549, 531850, 103722
2788, 843774, 532629, 103888
2792, 844998, 533407, 103989
2796, 846186, 534149, 104107
2800, 847411, 534928, 104215
2804, 848634, 535705, 104480
2808, 849860, 536485, 104536
2812, 851084, 537263, 104661
2816, 852366, 538099, 104980
2820, 853590, 538877, 105122
2824, 854817, 539658, 105278
2828, 856087, 540482, 105455
2832, 857312, 541261, 105646
2836, 858530, 542033, 105755
2840, 859747, 542804, 105963
2844, 860930, 543541, 106084
2848, 862152, 544317, 106257
2852, 863337, 545056, 106411
2856, 864521, 545794, 106454
2860, 865744, 546571, 106671
2864, 866927, 547308, 106790
2868, 868111, 548046, 106985
2872, 869332, 548821, 107040
2876, 870554, 549597, 107226
2880, 871774, 550371, 107445
2884, 872996, 551147, 107490
2888, 874216, 551921, 107685
2892, 875436, 552695, 107795
2896, 876657, 553470, 108027
2900, 877878, 554245, 108164
2904, 879105, 555026, 108245
2908, 880292, 555767, 108504
2912, 881507, 556536, 108638
2916, 882729, 557312, 108848
2920, 883948, 558085, 108932
2924, 885168, 558859, 109053
2928, 886358, 559603, 109238
2932, 887574, 560373, 109371
2936, 888759, 561112, 109585
2940, 889978, 561885, 109732
2944, 891202, 562663, 109903
2948, 892424, 563439, 109951
2952, 893605, 564174, 110116
2956, 894795, 564918, 110231
2960, 896009, 565686, 110460
2964, 897235, 566466, 110556
2968, 898460, 567245, 110771
2972, 899647, 567986, 110838
2976, 900831, 568724, 111013
2980, 902015, 569462, 111169
2984, 903202, 570203, 111243
2988, 904386, 570941, 111464
2992, 905573, 571682, 111640
2996, 906799, 572462, 111706
3000, 908021, 573238, 111852
3004, 909248, 574019, 112073
3008, 910435, 574760, 112231
3012, 911658, 575537, 112407
3016, 912878, 576311, 112519
3020, 914103, 577090, 112780
3024, 915328, 577869, 112803
3028, 916552, 578647, 112937
3032, 917795, 579444, 113048
3036, 919037, 580240, 113223
3040, 920282, 581039, 113546
3044, 921483, 581794, 113578
3048, 922686, 582551, 113750
3052, 923888, 583307, 113921
3056, 925131, 584104, 114080
3060, 926393, 584920, 114230
3064, 927599, 585680, 114460
3068, 928789, 586424, 114543
3072, 930024, 587213, 114713
3076, 931256, 587999, 114929
3080, 932480, 588777, 115059
3084, 933712, 589563, 115159
3088, 934924, 590329, 115306
3092, 936150, 591109, 115476
3096, 937376, 591889, 115657
3100, 938604, 592671, 115773
3104, 939829, 593450, 116007
3108, 941015, 594190, 116127
3112, 942201, 594930, 116242
3116, 943427, 595710, 116412
3120, 944652, 596489, 116440
3124, 945879, 597270, 116678
3128, 947105, 598050, 116901
3132, 948331, 598830, 117021
3136, 949556, 599609, 117256
3140, 950784, 600391, 117294
3144, 952010, 601171, 117390
3148, 953235, 601950, 117702
3152, 954461, 602730, 117738
3156, 955686, 603509, 118002
3160, 956911, 604288, 118078
3164, 958135, 605066, 118202
3168, 959360, 605845, 118418
3172, 960548, 606587, 118454
3176, 961795, 607388, 118682
3180, 963018, 608165, 118884
3184, 964243, 608944, 119038
3188, 965471, 609726, 119066
3192, 966661, 610470, 119221
3196, 967887, 611250, 119395
3200, 969074, 611991, 119519
3204, 970261, 612732, 119621
3208, 971485, 613510, 119791
3212, 972708, 614287, 119943
3216, 973932, 615065, 120082
3220, 975156, 615843, 120099
3224, 976382, 616623, 120464
3228, 977607, 617402, 120537
3232, 978795, 618144, 120648
3236, 979985, 618888, 120844
3240, 981212, 619669, 120893
3244, 982437, 620448, 121007
3248, 983662, 621227, 121194
3252, 984888, 622007, 121355
3256, 986114, 622787, 121460
3260, 987339, 623566, 121632
3264, 988562, 624343, 121719
3268, 989787, 625122, 121924
3272, 991012, 625901, 122059
3276, 992239, 626682, 122182
3280, 993464, 627461, 122429
3284, 994693, 628244, 122534
3288, 995919, 629024, 122683
3292, 997143, 629802, 122908
3296, 998369, 630582, 123079
3300, 999598, 631365, 123220
3304, 1000785, 632106, 123344
3308, 1001973, 632848, 123431
3312, 1003210, 633639, 123620
3316, 1004435, 634418, 123748
3320, 1005627, 635164, 123930
3324, 1006854, 635945, 124188
3328, 1008076, 636721, 124240
3332, 1009301, 637500, 124383
3336, 1010526, 638279, 124559
3340, 1011768, 639075, 124813
3344, 1012959, 639820, 124883
3348, 1014138, 640553, 125058
3352, 1015359, 641328, 125246
3356, 1016581, 642104, 125362
3360, 1017802, 642879, 125477
3364, 1019024, 643655, 125641
3368, 1020250, 644435, 125858
3372, 1021434, 645173, 125913
3376, 1022620, 645913, 126021
3380, 1023806, 646653, 126178
3384, 1025029, 647430, 126393
3388, 1026215, 648170, 126476
3392, 1027439, 648948, 126660
3396, 1028625, 649688, 126807
3400, 1029849, 650466, 126858
3404, 1031073, 651244, 127099
3408, 1032262, 651987, 127247
3412, 1033444, 652723, 127380
3416, 1034628, 653461, 127479
3420, 1035849, 654236, 127645
3424, 1037073, 655014, 127926
3428, 1038257, 655752, 127956
3432, 1039481, 656530, 128129
3436, 1040702, 657305, 128387
3440, 1041903, 658060, 128433
3444, 1043128, 658839, 128674
3448, 1044359, 659624, 128817
3452, 1045579, 660398, 128922
3456, 1046804, 661177, 129114
3460, 1048027, 661954, 129253
3464, 1049250, 662731, 129406
3468, 1050434, 663469, 129537
3472, 1051656, 664245, 129671
3476, 1052881, 665024, 129829
3480, 1054104, 665801, 129996
3484, 1055329, 666580, 130119
3488, 1056546, 667351, 130349
3492, 1057772, 668131, 130478
3496, 1059007, 668920, 130706
3500, 1060264, 669731, 130904
3504, 1061528, 670549, 131012
3508, 1062790, 671365, 131178
3512, 1064044, 672173, 131335
3516, 1065304, 672987, 131525
3520, 1066531, 673768, 131684
3524, 1067756, 674547, 131811
3528, 1068983, 675328, 131979
3532, 1070208, 676107, 132086
3536, 1071430, 676883, 132255
3540, 1072656, 677663, 132489
3544, 1073879, 678440, 132644
3548, 1075106, 679221, 132743
3552, 1076330, 679999, 132944
3556, 1077558, 680781, 133127
3560, 1078784, 681561, 133193
3564, 1080010, 682341, 133371
3568, 1081234, 683119, 133535
3572, 1082461, 683900, 133605
3576, 1083688, 684681, 133914
3580, 1084913, 685460, 133964
3584, 1086140, 686241, 134040
3588, 1087368, 687023, 134228
3592, 1088593, 687802, 134434
3596, 1089819, 688582, 134595
3600, 1091044, 689361, 134820
3604, 1092270, 690141, 134787
3608, 1093495, 690920, 135037
3612, 1094721, 691700, 135226
3616, 1095947, 692480, 135347
3620, 1097173, 693260, 135467
3624, 1098398, 694039, 135626
3628, 1099624, 694819, 135778
3632, 1100848, 695597, 135895
3636, 1102072, 696375, 136058
3640, 1103297, 697154, 136264
3644, 1104485, 697896, 136378
3648, 1105711, 698676, 136514
3652, 1106901, 699420, 136689
3656, 1108128, 700201, 136819
3660, 1109316, 700943, 136894
3664, 1110504, 701685, 137163
3668, 1111692, 702427, 137225
3672, 1112881, 703170, 137332
3676, 1114106, 703949, 137560
3680, 1115330, 704727, 137606
3684, 1116516, 705467, 137763
3688, 1117704, 706209, 137825
3692, 1118973, 707032, 138131
3696, 1120199, 707812, 138276
3700, 1121425, 708592, 138427
3704, 1122650, 709371, 138629
3708, 1123877, 710152, 138694
3712, 1125103, 710932, 138838
3716, 1126329, 711712, 138960
3720, 1127518, 712455, 139078
3724, 1128743, 713234, 139273
3728, 1129969, 714014, 139525
3732, 1131189, 714788, 139588
3736, 1132440, 715593, 139789
3740, 1133709, 716416, 140054
3744, 1134934, 717195, 140110
3748, 1136189, 718004, 140323
3752, 1137461, 718830, 140550
3756, 1138676, 719599, 140718
3760, 1139902, 720379, 140892
3764, 1141138, 721169, 141046
3768, 1142364, 721949, 141155
3772, 1143549, 722688, 141393
3776, 1144731, 723424, 141516
3780, 1145962, 724209, 141742
3784, 1147193, 724994, 141887
3788, 1148383, 725738, 141985
3792, 1149606, 726515, 142156
3796, 1150795, 727258, 142258
3800, 1152022, 728039, 142342
3804, 1153249, 728820, 142557
3808, 1154475, 729600, 142747
3812, 1155702, 730381, 142993
3816, 1156934, 731167, 143081
3820, 1158156, 731943, 143247
3824, 1159379, 732720, 143416
3828, 1160603, 733498, 143496
3832, 1161828, 734277, 143724
3836, 1163052, 735055, 143842
3840, 1164275, 735832, 144064
3844, 1165500, 736611, 144139
3848, 1166725, 737390, 144314
3852, 1167948, 738167, 144486
3856, 1169169, 738942, 144705
3860, 1170393, 739720, 144695
3864, 1171620, 740501, 144895
3868, 1172844, 741279, 145178
3872, 1174069, 742058, 145224
3876, 1175297, 742840, 145441
3880, 1176520, 743617, 145626
3884, 1177746, 744397, 145733
3888, 1178970, 745175, 145898
3892, 1180193, 745952, 146160
3896, 1181417, 746730, 146197
3900, 1182638, 747505, 146470
3904, 1183861, 748282, 146577
3908, 1185077, 749052, 146809
3912, 1186303, 749832, 146922
3916, 1187531, 750614, 147034
3920, 1188760, 751397, 147216
3924, 1189952, 752143, 147274
3928, 1191143, 752888, 147460
3932, 1192366, 753665, 147660
3936, 1193585, 754438, 147776
3940, 1194802, 755209, 147877
3944, 1196021, 755982, 148068
3948, 1197240, 756755, 148198
3952, 1198460, 757529, 148479
3956, 1199677, 758300, 148678
3960, 1200897, 759074, 148718
3964, 1202116, 759847, 148919
3968, 1203334, 760619, 149127
3972, 1204513, 761352, 149198
3976, 1205738, 762131, 149379
3980, 1206920, 762867, 149441
3984, 1208143, 763644, 149601
3988, 1209326, 764381, 149832
3992, 1210547, 765156, 149980
3996, 1211730, 765893, 150055
4000, 1212956, 766673, 150183
4004, 1214139, 767410, 150317
4008, 1215362, 768187, 150488
4012, 1216582, 768961, 150629
4016, 1217806, 769739, 150704
4020, 1219051, 770538, 151058
4024, 1220284, 771325, 151148
4028, 1221501, 772096, 151220
4032, 1222724, 772873, 151519
4036, 1223950, 773653, 151633
4040, 1225176, 774433, 151821
4044, 1226402, 775213, 152020
4048, 1227628, 775993, 152155
4052, 1228853, 776772, 152266
4056, 1230080, 777553, 152438
4060, 1231304, 778331, 152585
4064, 1232529, 779110, 152650
4068, 1233715, 779850, 152903
4072, 1234903, 780592, 152930
4076, 1236091, 781334, 153115
4080, 1237281, 782078, 153256
4084, 1238466, 782817, 153448
4088, 1239691, 783596, 153472
4092, 1240916, 784375, 153620
4096, 1242141, 785154, 153759
4100, 1243368, 785935, 154003
4104, 1244558, 786679, 154013
4108, 1245784, 787459, 154232
4112, 1247010, 788239, 154366
4116, 1248236, 789019, 154562
4120, 1249463, 789800, 154672
4124, 1250688, 790579, 154798
4128, 1251914, 791359, 154905
4132, 1253137, 792136, 155106
4136, 1254366, 792919, 155338
4140, 1255591, 793698, 155401
4144, 1256816, 794477, 155533
4148, 1258079, 795294, 155754
4152, 1259303, 796072, 155931
4156, 1260529, 796852, 156122
4160, 1261756, 797633, 156172
4164, 1262981, 798412, 156371
4168, 1264207, 799192, 156491
4172, 1265435, 799974, 156642
4176, 1266661, 800754, 156927
4180, 1267889, 801536, 156979
4184, 1269114, 802315, 157223
4188, 1270340, 803095, 157267
4192, 1271566, 803875, 157392
4196, 1272792, 804655, 157507
4200, 1274017, 805434, 157751
4204, 1275241, 806212, 157821
4208, 1276467, 806992, 158101
4212, 1277655, 807734, 158185
4216, 1278838, 808471, 158412
4220, 1280066, 809253, 158478
4224, 1281293, 810034, 158694
4228, 1282533, 810828, 158843
4232, 1283759, 811608, 159070
4236, 1284983, 812386, 159145
4240, 1286207, 813164, 159374
4244, 1287435, 813946, 159542
4248, 1288661, 814726, 159667
4252, 1289883, 815502, 159803
4256, 1291107, 816280, 159962
4260, 1292328, 817055, 160037
4264, 1293551, 817832, 160349
4268, 1294773, 818608, 160453
4272, 1295993, 819382, 160578
4276, 1297214, 820157, 160606
4280, 1298436, 820933, 160834
4284, 1299659, 821710, 160949
4288, 1300885, 822490, 161214
4292, 1302074, 823233, 161246
4296, 1303261, 823974, 161471
4300, 1304450, 824717, 161571
4304, 1305636, 825457, 161701
4308, 1306820, 826195, 161904
4312, 1308019, 826948, 161953
4316, 1309246, 827729, 162108
4320, 1310434, 828471, 162257
4324, 1311622, 829213, 162459
4328, 1312847, 829992, 162616
4332, 1314035, 830734, 162787
4336, 1315261, 831514, 162886
4340, 1316484, 832291, 162989
4344, 1317708, 833069, 163196
4348, 1318956, 833871, 163318
4352, 1320177, 834646, 163637
4356, 1321409, 835432, 163726
4360, 1322624, 836201, 163891
4364, 1323848, 836979, 163935
4368, 1325035, 837720, 164233
4372, 1326256, 838495, 164336
4376, 1327482, 839275, 164505
4380, 1328707, 840054, 164588
4384, 1329932, 840833, 164886
4388, 1331118, 841573, 164947
4392, 1332304, 842313, 165075
4396, 1333529, 843092, 165270
4400, 1334761, 843878, 165367
4404, 1336038, 844709, 165612
4408, 1337261, 845486, 165768
4412, 1338485, 846264, 165978
4416, 1339708, 847041, 166045
4420, 1340932, 847819, 166238
4424, 1342158, 848599, 166361
4428, 1343383, 849378, 166481
4432, 1344608, 850157, 166671
4436, 1345833, 850936, 166832
4440, 1347056, 851713, 167007
4444, 1348281, 852492, 167178
4448, 1349507, 853272, 167334
4452, 1350695, 854014, 167514
4456, 1351879, 854752, 167629
4460, 1353063, 855490, 167766
4464, 1354287, 856268, 167887
4468, 1355469, 857004, 168166
4472, 1356692, 857781, 168169
4476, 1357916, 858559, 168312
4480, 1359102, 859299, 168442
4484, 1360323, 860074, 168693
4488, 1361544, 860849, 168776
4492, 1362763, 861622, 168914
4496, 1363947, 862360, 169073
4500, 1365133, 863100, 169232
4504, 1366357, 863878, 169351
4508, 1367583, 864658, 169434
4512, 1368807, 865436, 169710
4516, 1369985, 866168, 169915
4520, 1371175, 866912, 170000
4524, 1372367, 867658, 170111
4528, 1373555, 868400, 170227
4532, 1374745, 869144, 170308
4536, 1375934, 869887, 170463
4540, 1377166, 870673, 170703
4544, 1378389, 871450, 170800
4548, 1379575, 872190, 170882
4552, 1380794, 872963, 171064
4556, 1382014, 873737, 171224
4560, 1383240, 874517, 171321
4564, 1384427, 875258, 171556
4568, 1385652, 876037, 171619
4572, 1386881, 876820, 171825
4576, 1388106, 877599, 172012
4580, 1389294, 878341, 172161
4584, 1390479, 879080, 172336
4588, 1391704, 879859, 172426
4592, 1392930, 880639, 172573
4596, 1394115, 881378, 172760
4600, 1395339, 882156, 172991
4604, 1396523, 882894, 172992
4608, 1397749, 883674, 173167
4612, 1398933, 884412, 173284
4616, 1400117, 885150, 173573
4620, 1401306, 885893, 173725
4624, 1402492, 886633, 173799
4628, 1403682, 887377, 173841
4632, 1404872, 888121, 173885
4636, 1406059, 888862, 174192
4640, 1407254, 889611, 174349
4644, 1408480, 890391, 174500
4648, 1409669, 891134, 174600
4652, 1410858, 891877, 174786
4656, 1412044, 892617, 174928
4660, 1413278, 893405, 175057
4664, 1414479, 894160, 175197
4668, 1415713, 894948, 175334
4672, 1416953, 895742, 175423
4676, 1418184, 896527, 175712
4680, 1419418, 897315, 175907
4684, 1420637, 898088, 176100
4688, 1421874, 898879, 176233
4692, 1423107, 899666, 176353
4696, 1424344, 900457, 176438
4700, 1425571, 901238, 176659
4704, 1426799, 902020, 176954
4708, 1427988, 902763, 176953
4712, 1429178, 903507, 177043
4716, 1430368, 904251, 177285
4720, 1431558, 904995, 177439
4724, 1432763, 905754, 177577
4728, 1433989, 906534, 177698
4732, 1435213, 907312, 177931
4736, 1436435, 908088, 177967
4740, 1437622, 908829, 178124
4744, 1438847, 909608, 178420
4748, 1440071, 910386, 178529
4752, 1441297, 911166, 178665
4756, 1442523, 911946, 178801
4760, 1443747, 912724, 178995
4764, 1444973, 913504, 179206
4768, 1446201, 914286, 179295
4772, 1447429, 915068, 179444
4776, 1448616, 915809, 179541
4780, 1449801, 916548, 179720
4784, 1451025, 917326, 179833
4788, 1452250, 918105, 180012
4792, 1453473, 918882, 180171
4796, 1454694, 919657, 180291
4800, 1455914, 920431, 180568
4804, 1457136, 921207, 180697
4808, 1458329, 921954, 180735
4812, 1459514, 922693, 180834
4816, 1460700, 923433, 181041
4820, 1461924, 924211, 181204
4824, 1463147, 924988, 181326
4828, 1464369, 925764, 181549
4832, 1465593, 926542, 181647
4836, 1466814, 927317, 181860
4840, 1468037, 928094, 182013
4844, 1469260, 928871, 182138
4848, 1470445, 929610, 182277
4852, 1471670, 930389, 182369
4856, 1472893, 931166, 182644
4860, 1474118, 931945, 182840
4864, 1475342, 932723, 182975
4868, 1476564, 933499, 183068
4872, 1477787, 934276, 183295
4876, 1479012, 935055, 183422
4880, 1480249, 935846, 183604
4884, 1481477, 936628, 183810
4888, 1482705, 937410, 183914
4892, 1483935, 938194, 184076
4896, 1485162, 938975, 184269
4900, 1486392, 939759, 184347
4904, 1487629, 940550, 184547
4908, 1488916, 941391, 184718
4912, 1490139, 942168, 184947
4916, 1491371, 942954, 185071
4920, 1492565, 943702, 185135
4924, 1493749, 944440, 185255
4928, 1494940, 945185, 185501
4932, 1496129, 945928, 185617
4936, 1497322, 946675, 185692
4940, 1498525, 947432, 185857
4944, 1499722, 948183, 186038
4948, 1500916, 948931, 186101
4952, 1502105, 949674, 186274
4956, 1503300, 950423, 186338
4960, 1504527, 951204, 186588
4964, 1505744, 951975, 186793
4968, 1506924, 952709, 186912
4972, 1508117, 953456, 186917
4976, 1509304, 954197, 187200
4980, 1510524, 954971, 187249
4984, 1511748, 955749, 187456
4988, 1512939, 956494, 187562
4992, 1514127, 957236, 187673
4996, 1515355, 958018, 187870
5000, 1516580, 958797, 187945
5004, 1517808, 959579, 188188
5008, 1519035, 960360, 188369
5012, 1520259, 961138, 188436
5016, 1521492, 961925, 188653
5020, 1522741, 962728, 188801
5024, 1523958, 963499, 189065
5028, 1525189, 964284, 189118
5032, 1526366, 965015, 189358
5036, 1527607, 965810, 189477
5040, 1528832, 966589, 189554
5044, 1530075, 967386, 189813
5048, 1531301, 968166, 190009
5052, 1532527, 968946, 190228
5056, 1533753, 969726, 190321
5060, 1534983, 970510, 190496
5064, 1536171, 971252, 190436
5068, 1537360, 971995, 190723
5072, 1538546, 972735, 190817
5076, 1539733, 973476, 190964
5080, 1540955, 974252, 191141
5084, 1542144, 974995, 191293
5088, 1543370, 975775, 191333
5092, 1544558, 976517, 191506
5096, 1545785, 977298, 191725
5100, 1547013, 978080, 191854
5104, 1548238, 978859, 192019
5108, 1549467, 979642, 192255
5112, 1550695, 980424, 192332
5116, 1551922, 981205, 192502
5120, 1553147, 981984, 192706
5124, 1554382, 982773, 192754
5128, 1555609, 983554, 193023
5132, 1556834, 984333, 193094
5136, 1558058, 985111, 193405
5140, 1559276, 985883, 193485
5144, 1560505, 986666, 193625
5148, 1561723, 987438, 193729
5152, 1562941, 988210, 193985
5156, 1564158, 988981, 194097
5160, 1565373, 989750, 194205
5164, 1566591, 990522, 194520
5168, 1567820, 991305, 194526
5172, 1569041, 992080, 194710
5176, 1570232, 992825, 194898
5180, 1571454, 993601, 195071
5184, 1572674, 994375, 195245
5188, 1573898, 995153, 195402
5192, 1575117, 995926, 195450
5196, 1576338, 996701, 195708
5200, 1577561, 997478, 195777
5204, 1578745, 998216, 195888
5208, 1579969, 998994, 196136
5212, 1581192, 999771, 196296
5216, 1582416, 1000549, 196500
5220, 1583637, 1001324, 196678
5224, 1584860, 1002101, 196631
5228, 1586083, 1002878, 196936
5232, 1587305, 1003654, 197075
5236, 1588526, 1004429, 197213
5240, 1589747, 1005204, 197401
5244, 1591003, 1006014, 197555
5248, 1592259, 1006824, 197738
5252, 1593484, 1007603, 197774
5256, 1594713, 1008386, 197923
5260, 1595939, 1009166, 198231
5264, 1597160, 1009941, 198345
5268, 1598392, 1010727, 198472
5272, 1599616, 1011505, 198760
5276, 1600838, 1012281, 198649
5280, 1602058, 1013055, 198968
5284, 1603281, 1013832, 199104
5288, 1604467, 1014572, 199278
5292, 1605690, 1015349, 199418
5296, 1606874, 1016087, 199562
5300, 1608057, 1016824, 199686
5304, 1609243, 1017564, 199864
5308, 1610429, 1018304, 199812
5312, 1611617, 1019046, 200039
5316, 1612805, 1019788, 200160
5320, 1613991, 1020528, 200336
5324, 1615179, 1021270, 200537
5328, 1616367, 1022012, 200568
5332, 1617552, 1022751, 200655
5336, 1618776, 1023529, 201108
5340, 1619999, 1024306, 201030
5344, 1621183, 1025044, 201245
5348, 1622370, 1025785, 201356
5352, 1623592, 1026561, 201541
5356, 1624816, 1027339, 201649
5360, 1626040, 1028117, 201801
5364, 1627267, 1028898, 202019
5368, 1628489, 1029674, 202139
5372, 1629714, 1030453, 202355
5376, 1630938, 1031231, 202436
5380, 1632162, 1032009, 202729
5384, 1633349, 1032750, 202737
5388, 1634535, 1033490, 202835
5392, 1635720, 1034229, 202963
5396, 1636906, 1034969, 203202
5400, 1638093, 1035710, 203253
5404, 1639277, 1036448, 203402
5408, 1640461, 1037186, 203577
5412, 1641644, 1037923, 203639
5416, 1642828, 1038661, 203799
5420, 1644050, 1039437, 203979
5424, 1645279, 1040220, 204065
5428, 1646463, 1040958, 204290
5432, 1647660, 1041709, 204354
5436, 1648849, 1042452, 204536
5440, 1650089, 1043246, 204726
5444, 1651312, 1044023, 204911
5448, 1652500, 1044765, 205102
5452, 1653685, 1045504, 205201
5456, 1654871, 1046244, 205281
5460, 1656057, 1046984, 205413
5464, 1657252, 1047733, 205590
5468, 1658440, 1048475, 205835
5472, 1659639, 1049228, 205911
5476, 1660824, 1049967, 206131
5480, 1662010, 1050707, 206140
5484, 1663198, 1051449, 206366
5488, 1664382, 1052187, 206463
5492, 1665566, 1052925, 206552
5496, 1666748, 1053661, 206658
5500, 1667976, 1054443, 206874
5504, 1669203, 1055224, 207067
5508, 1670402, 1055977, 207160
5512, 1671585, 1056714, 207374
5516, 1672768, 1057451, 207557
5520, 1673991, 1058228, 207681
5524, 1675175, 1058966, 207799
5528, 1676366, 1059711, 207946
5532, 1677556, 1060455, 208130
5536, 1678749, 1061202, 208135
5540, 1679938, 1061945, 208229
5544, 1681167, 1062728, 208470
5548, 1682359, 1063474, 208707
5552, 1683549, 1064218, 208837
5556, 1684740, 1064963, 208859
5560, 1685969, 1065746, 209058
5564, 1687197, 1066528, 209218
5568, 1688378, 1067263, 209388
5572, 1689607, 1068046, 209441
5576, 1690795, 1068788, 209637
5580, 1691981, 1069528, 209819
5584, 1693168, 1070269, 209898
5588, 1694356, 1071011, 210070
5592, 1695541, 1071750, 210279
5596, 1696732, 1072495, 210391
5600, 1697921, 1073238, 210378
5604, 1699109, 1073980, 210543
5608, 1700333, 1074758, 210684
5612, 1701520, 1075499, 210993
5616, 1702706, 1076239, 211050
5620, 1703897, 1076984, 211157
5624, 1705084, 1077725, 211318
5628, 1706276, 1078471, 211473
5632, 1707462, 1079211, 211564
5636, 1708645, 1079948, 211718
5640, 1709836, 1080693, 211927
5644, 1711023, 1081434, 211963
5648, 1712223, 1082188, 212175
5652, 1713406, 1082925, 212278
5656, 1714609, 1083682, 212373
5660, 1715793, 1084420, 212526
5664, 1716979, 1085160, 212687
5668, 1718165, 1085900, 212841
5672, 1719350, 1086639, 212956
5676, 1720537, 1087380, 213133
5680, 1721728, 1088125, 213322
5684, 1722952, 1088903, 213352
5688, 1724140, 1089645, 213496
5692, 1725329, 1090388, 213616
5696, 1726520, 1091133, 213816
5700, 1727704, 1091871, 213993
5704, 1728891, 1092612, 214086
5708, 1730076, 1093351, 214226
5712, 1731262, 1094091, 214344
5716, 1732449, 1094832, 214523
5720, 1733636, 1095573, 214650
5724, 1734834, 1096325, 214808
5728, 1736028, 1097073, 214963
5732, 1737221, 1097820, 215132
5736, 1738416, 1098569, 215225
5740, 1739654, 1099361, 215374
5744, 1740878, 1100139, 215477
5748, 1742068, 1100883, 215692
5752, 1743304, 1101673, 215806
5756, 1744539, 1102462, 216058
5760, 1745739, 1103216, 216121
5764, 1746961, 1103992, 216350
5768, 1748147, 1104732, 216430
5772, 1749329, 1105468, 216627
5776, 1750515, 1106208, 216674
5780, 1751711, 1106958, 216923
5784, 1752899, 1107700, 217019
5788, 1754127, 1108482, 217060
5792, 1755318, 1109227, 217435
5796, 1756504, 1109967, 217454
5800, 1757694, 1110711, 217665
5804, 1758879, 1111450, 217710
5808, 1760103, 1112228, 217802
5812, 1761329, 1113008, 217948
5816, 1762524, 1113757, 218170
5820, 1763707, 1114494, 218210
5824, 1764933, 1115274, 218454
5828, 1766119, 1116014, 218620
5832, 1767306, 1116755, 218627
5836, 1768492, 1117495, 218877
5840, 1769678, 1118235, 219046
5844, 1770869, 1118980, 219161
5848, 1772054, 1119719, 219432
5852, 1773245, 1120464, 219502
5856, 1774482, 1121255, 219622
5860, 1775701, 1122028, 219773
5864, 1776880, 1122761, 220007
5868, 1778071, 1123506, 220147
5872, 1779260, 1124249, 220136
5876, 1780451, 1124994, 220440
5880, 1781640, 1125737, 220592
5884, 1782830, 1126481, 220662
5888, 1784015, 1127220, 220828
5892, 1785199, 1127958, 220969
5896, 1786395, 1128708, 221079
5900, 1787582, 1129449, 221152
5904, 1788787, 1130208, 221345
5908, 1789973, 1130948, 221453
5912, 1791162, 1131691, 221598
5916, 1792343, 1132426, 221864
5920, 1793527, 1133164, 221942
5924, 1794712, 1133903, 222106
5928, 1795896, 1134641, 222140
5932, 1797082, 1135381, 222391
5936, 1798264, 1136117, 222528
5940, 1799451, 1136858, 222581
5944, 1800640, 1137601, 222647
5948, 1801836, 1138351, 222831
5952, 1803023, 1139092, 223051
5956, 1804258, 1139881, 223138
5960, 1805446, 1140623, 223255
5964, 1806629, 1141360, 223464
5968, 1807826, 1142111, 223715
5972, 1809012, 1142851, 223913
5976, 1810205, 1143598, 223878
5980, 1811393, 1144340, 223933
5984, 1812581, 1145082, 224370
5988, 1813805, 1145860, 224262
5992, 1815033, 1146642, 224510
5996, 1816225, 1147388, 224672
6000, 1817446, 1148163, 224738
6004, 1818630, 1148901, 225051
6008, 1819814, 1149639, 225038
6012, 1820997, 1150376, 225152
6016, 1822180, 1151113, 225287
6020, 1823370, 1151857, 225486
6024, 1824596, 1152637, 225741
6028, 1825817, 1153412, 225803
6032, 1827002, 1154151, 225930
6036, 1828190, 1154893, 226082
6040, 1829375, 1155632, 226150
6044, 1830562, 1156373, 226296
6048, 1831749, 1157114, 226459
6052, 1832934, 1157853, 226639
6056, 1834119, 1158592, 226758
6060, 1835343, 1159370, 226929
6064, 1836569, 1160150, 226904
6068, 1837756, 1160891, 227253
6072, 1838980, 1161669, 227356
6076, 1840200, 1162443, 227489
6080, 1841437, 1163234, 227787
6084, 1842676, 1164027, 227888
6088, 1843904, 1164809, 228018
6092, 1845166, 1165625, 228121
6096, 1846361, 1166374, 228348
6100, 1847550, 1167117, 228507
6104, 1848777, 1167898, 228713
6108, 1849965, 1168640, 228757
6112, 1851188, 1169417, 228908
6116, 1852413, 1170196, 229047
6120, 1853600, 1170937, 229285
6124, 1854786, 1171677, 229479
6128, 1856011, 1172456, 229568
6132, 1857235, 1173234, 229565
6136, 1858422, 1173975, 229852
6140, 1859606, 1174713, 229957
6144, 1860790, 1175451, 230165
6148, 1861977, 1176192, 230396
6152, 1863165, 1176934, 230432
6156, 1864351, 1177674, 230397
6160, 1865539, 1178416, 230622
6164, 1866728, 1179159, 230761
6168, 1867912, 1179897, 230988
6172, 1869096, 1180635, 231206
6176, 1870283, 1181376, 231235
6180, 1871468, 1182115, 231447
6184, 1872694, 1182895, 231468
6188, 1873880, 1183635, 231594
6192, 1875068, 1184377, 231760
6196, 1876293, 1185156, 231904
6200, 1877505, 1185922, 232033
6204, 1878683, 1186654, 232282
6208, 1879871, 1187396, 232336
6212, 1881097, 1188176, 232597
6216, 1882322, 1188955, 232647
6220, 1883538, 1189725, 232883
6224, 1884795, 1190536, 232988
6228, 1885984, 1191279, 233138
6232, 1887173, 1192022, 233225
6236, 1888367, 1192770, 233343
6240, 1889553, 1193510, 233537
6244, 1890742, 1194253, 233612
6248, 1891966, 1195031, 233790
6252, 1893188, 1195807, 233986
6256, 1894382, 1196555, 234138
6260, 1895568, 1197295, 234264
6264, 1896753, 1198034, 234444
6268, 1897935, 1198770, 234617
6272, 1899155, 1199544, 234738
6276, 1900375, 1200318, 235032
6280, 1901557, 1201054, 234953
6284, 1902748, 1201799, 235202
6288, 1903941, 1202546, 235302
6292, 1905128, 1203287, 235333
6296, 1906351, 1204064, 235576
6300, 1907574, 1204841, 235717
6304, 1908761, 1205582, 235911
6308, 1909948, 1206323, 236013
6312, 1911136, 1207065, 236221
6316, 1912320, 1207803, 236411
6320, 1913506, 1208543, 236442
6324, 1914694, 1209285, 236598
6328, 1915874, 1210019, 236747
6332, 1917060, 1210759, 236867
6336, 1918244, 1211497, 236994
6340, 1919427, 1212234, 237191
6344, 1920650, 1213011, 237285
6348, 1921840, 1213755, 237437
6352, 1923029, 1214498, 237624
6356, 1924217, 1215240, 237640
6360, 1925404, 1215981, 237854
6364, 1926595, 1216726, 238029
6368, 1927777, 1217462, 238110
6372, 1928956, 1218195, 238256
6376, 1930184, 1218977, 238422
6380, 1931371, 1219718, 238530
6384, 1932559, 1220460, 238717
6388, 1933748, 1221203, 238838
6392, 1934932, 1221941, 238996
6396, 1936117, 1222680, 239119
6400, 1937301, 1223418, 239380
6404, 1938482, 1224153, 239401
6408, 1939707, 1224932, 239490
6412, 1940927, 1225706, 239807
6416, 1942107, 1226440, 239831
6420, 1943291, 1227178, 239961
6424, 1944475, 1227916, 239895
6428, 1945658, 1228653, 240149
6432, 1946846, 1229395, 240407
6436, 1948094, 1230197, 240652
6440, 1949315, 1230972, 240753
6444, 1950534, 1231745, 240777
6448, 1951718, 1232483, 241057
6452, 1952944, 1233263, 241018
6456, 1954170, 1234043, 241301
6460, 1955357, 1234784, 241375
6464, 1956580, 1235561, 241639
6468, 1957768, 1236303, 241707
6472, 1958956, 1237045, 242029
6476, 1960144, 1237787, 241914
6480, 1961333, 1238530, 242153
6484, 1962521, 1239272, 242205
6488, 1963711, 1240016, 242432
6492, 1964896, 1240755, 242567
6496, 1966123, 1241536, 242718
6500, 1967311, 1242278, 243020
6504, 1968492, 1243013, 243080
6508, 1969678, 1243753, 243070
6512, 1970863, 1244492, 243344
6516, 1972082, 1245265, 243466
6520, 1973305, 1246042, 243618
6524, 1974492, 1246783, 243724
6528, 1975711, 1247556, 243823
6532, 1976899, 1248298, 243971
6536, 1978083, 1249036, 244101
6540, 1979270, 1249777, 244308
6544, 1980455, 1250516, 244408
6548, 1981642, 1251257, 244554
6552, 1982830, 1251999, 244753
6556, 1984019, 1252742, 244875
6560, 1985208, 1253485, 244972
6564, 1986394, 1254225, 245053
6568, 1987583, 1254968, 245295
6572, 1988812, 1255751, 245368
6576, 1990000, 1256493, 245421
6580, 1991186, 1257233, 245617
6584, 1992370, 1257971, 245746
6588, 1993553, 1258708, 245781
6592, 1994742, 1259451, 245977
6596, 1995928, 1260191, 246073
6600, 1997114, 1260931, 246358
6604, 1998301, 1261672, 246325
6608, 1999490, 1262415, 246591
6612, 2000716, 1263195, 246572
6616, 2001936, 1263969, 246789
6620, 2003156, 1264743, 247039
6624, 2004377, 1265518, 247138
6628, 2005555, 1266250, 247209
6632, 2006740, 1266989, 247378
6636, 2007921, 1267724, 247499
6640, 2009108, 1268465, 247588
6644, 2010296, 1269207, 247831
6648, 2011486, 1269951, 248012
6652, 2012675, 1270694, 248103
6656, 2013897, 1271470, 248306
6660, 2015079, 1272206, 248399
6664, 2016267, 1272948, 248540
6668, 2017486, 1273721, 248727
6672, 2018673, 1274462, 248788
6676, 2019856, 1275199, 248973
6680, 2021082, 1275979, 249172
6684, 2022267, 1276718, 249216
6688, 2023458, 1277463, 249341
6692, 2024646, 1278205, 249467
6696, 2025833, 1278946, 249563
6700, 2027057, 1279724, 249706
6704, 2028280, 1280501, 249968
6708, 2029509, 1281284, 250034
6712, 2030699, 1282028, 250225
6716, 2031888, 1282771, 250249
6720, 2033115, 1283552, 250501
6724, 2034340, 1284331, 250749
6728, 2035530, 1285075, 250657
6732, 2036757, 1285856, 250976
6736, 2037937, 1286590, 250971
6740, 2039164, 1287371, 251258
6744, 2040388, 1288149, 251338
6748, 2041567, 1288882, 251504
6752, 2042757, 1289626, 251673
6756, 2043944, 1290367, 251759
6760, 2045121, 1291098, 251960
6764, 2046308, 1291839, 252024
6768, 2047498, 1292583, 252253
6772, 2048689, 1293328, 252308
6776, 2049878, 1294071, 252373
6780, 2051070, 1294817, 252570
6784, 2052252, 1295553, 252873
6788, 2053479, 1296334, 252878
6792, 2054668, 1297077, 252991
6796, 2055858, 1297821, 253133
6800, 2057049, 1298566, 253302
6804, 2058276, 1299347, 253427
6808, 2059464, 1300089, 253587
6812, 2060653, 1300832, 253746
6816, 2061840, 1301573, 253747
6820, 2063020, 1302307, 253910
6824, 2064212, 1303053, 254068
6828, 2065394, 1303789, 254270
6832, 2066621, 1304570, 254425
6836, 2067801, 1305304, 254620
6840, 2069030, 1306087, 254686
6844, 2070217, 1306828, 254909
6848, 2071397, 1307562, 254966
6852, 2072579, 1308298, 255153
6856, 2073763, 1309036, 255243
6860, 2074954, 1309781, 255382
6864, 2076140, 1310521, 255468
6868, 2077328, 1311263, 255577
6872, 2078517, 1312006, 255797
6876, 2079699, 1312742, 255968
6880, 2080881, 1313478, 256140
6884, 2082064, 1314215, 256296
6888, 2083248, 1314953, 256382
6892, 2084437, 1315696, 256515
6896, 2085621, 1316434, 256601
6900, 2086801, 1317168, 256706
6904, 2087988, 1317909, 256893
6908, 2089176, 1318651, 257127
6912, 2090366, 1319395, 257045
6916, 2091591, 1320174, 257399
6920, 2092817, 1320954, 257438
6924, 2094040, 1321731, 257593
6928, 2095269, 1322514, 257917
6932, 2096445, 1323244, 257910
6936, 2097660, 1324013, 258209
6940, 2098864, 1324771, 258313
6944, 2100059, 1325520, 258419
6948, 2101291, 1326306, 258556
6952, 2102471, 1327040, 258688
6956, 2103695, 1327818, 258963
6960, 2104882, 1328559, 259042
6964, 2106072, 1329303, 259323
6968, 2107295, 1330080, 259302
6972, 2108521, 1330860, 259359
6976, 2109709, 1331602, 259468
6980, 2110896, 1332343, 259700
6984, 2112084, 1333085, 259912
6988, 2113308, 1333863, 260171
6992, 2114529, 1334638, 260206
6996, 2115718, 1335381, 260421
7000, 2116909, 1336126, 260435
7004, 2118114, 1336885, 260719
7008, 2119313, 1337638, 260829
7012, 2120506, 1338385, 260894
7016, 2121704, 1339137, 261024
7020, 2122900, 1339887, 261162
7024, 2124094, 1340635, 261401
7028, 2125292, 1341387, 261644
7032, 2126493, 1342142, 261673
7036, 2127695, 1342898, 261778
7040, 2128882, 1343639, 261956
7044, 2130127, 1344438, 262149
7048, 2131372, 1345237, 262392
7052, 2132618, 1346037, 262443
7056, 2133854, 1346827, 262438
7060, 2135051, 1347578, 262839
7064, 2136237, 1348318, 262815
7068, 2137481, 1349116, 263028
7072, 2138705, 1349894, 263200
7076, 2139981, 1350724, 263375
7080, 2141169, 1351466, 263602
7084, 2142355, 1352206, 263847
7088, 2143567, 1352972, 263985
7092, 2144784, 1353743, 263975
7096, 2145971, 1354484, 264180
7100, 2147215, 1355282, 264486
7104, 2148457, 1356078, 264529
7108, 2149638, 1356813, 264818
7112, 2150885, 1357614, 264841
7116, 2152123, 1358406, 265014
7120, 2153309, 1359146, 265102
7124, 2154512, 1359903, 265312
7128, 2155697, 1360642, 265357
7132, 2156930, 1361429, 265597
7136, 2158117, 1362170, 265708
7140, 2159303, 1362910, 265949
7144, 2160489, 1363650, 265989
7148, 2161720, 1364435, 266188
7152, 2162919, 1365188, 266415
7156, 2164117, 1365940, 266451
7160, 2165316, 1366693, 266519
7164, 2166513, 1367444, 266729
7168, 2167747, 1368232, 266782
7172, 2168969, 1369008, 267176
7176, 2170152, 1369745, 267215
7180, 2171381, 1370528, 267428
7184, 2172562, 1371263, 267608
7188, 2173748, 1372003, 267575
7192, 2174969, 1372778, 267755
7196, 2176215, 1373578, 267922
7200, 2177398, 1374315, 267990
7204, 2178620, 1375091, 268302
7208, 2179815, 1375840, 268520
7212, 2181064, 1376643, 268472
7216, 2182252, 1377385, 268696
7220, 2183451, 1378138, 268912
7224, 2184678, 1378919, 269102
7228, 2185873, 1379668, 269114
7232, 2187102, 1380451, 269323
7236, 2188291, 1381194, 269538
7240, 2189478, 1381935, 269546
7244, 2190670, 1382681, 269749
7248, 2191892, 1383457, 269885
7252, 2193123, 1384242, 269986
7256, 2194309, 1384982, 270125
7260, 2195491, 1385718, 270363
7264, 2196673, 1386454, 270293
7268, 2197858, 1387193, 270558
7272, 2199077, 1387966, 270707
7276, 2200261, 1388704, 270991
7280, 2201445, 1389442, 270814
7284, 2202625, 1390176, 271018
7288, 2203849, 1390954, 271313
7292, 2205033, 1391692, 271347
7296, 2206254, 1392467, 271535
7300, 2207478, 1393245, 271616
7304, 2208702, 1394023, 271886
7308, 2209925, 1394800, 272059
7312, 2211149, 1395578, 272095
7316, 2212334, 1396317, 272407
7320, 2213521, 1397058, 272476
7324, 2214706, 1397797, 272493
7328, 2215893, 1398538, 272590
7332, 2217085, 1399284, 272859
7336, 2218270, 1400023, 272913
7340, 2219454, 1400761, 273199
7344, 2220640, 1401501, 273230
7348, 2221864, 1402279, 273361
7352, 2223051, 1403020, 273517
7356, 2224278, 1403801, 273618
7360, 2225501, 1404578, 273897
7364, 2226727, 1405358, 274079
7368, 2227952, 1406137, 274132
7372, 2229171, 1406910, 274383
7376, 2230395, 1407688, 274494
7380, 2231583, 1408430, 274578
7384, 2232826, 1409227, 274907
7388, 2234048, 1410003, 274870
7392, 2235273, 1410782, 275045
7396, 2236517, 1411580, 275357
7400, 2237701, 1412318, 275452
7404, 2238938, 1413109, 275541
7408, 2240160, 1413885, 275807
7412, 2241403, 1414682, 276128
7416, 2242606, 1415439, 276149
7420, 2243800, 1416187, 276315
7424, 2245003, 1416944, 276435
7428, 2246191, 1417686, 276719
7432, 2247416, 1418465, 276745
7436, 2248606, 1419209, 276911
7440, 2249831, 1419988, 277149
7444, 2251051, 1420762, 277242
7448, 2252236, 1421501, 277402
7452, 2253422, 1422241, 277622
7456, 2254647, 1423020, 277674
7460, 2255834, 1423761, 277809
7464, 2257020, 1424501, 278033
7468, 2258247, 1425282, 278033
7472, 2259471, 1426060, 278416
7476, 2260659, 1426802, 278344
7480, 2261846, 1427543, 278406
7484, 2263032, 1428283, 278725
7488, 2264255, 1429060, 278810
7492, 2265477, 1429836, 278981
7496, 2266705, 1430618, 279228
7500, 2267929, 1431396, 279233
7504, 2269154, 1432175, 279472
7508, 2270337, 1432912, 279647
7512, 2271526, 1433655, 279761
7516, 2272711, 1434394, 279939
7520, 2273935, 1435172, 280145
7524, 2275157, 1435948, 280114
7528, 2276342, 1436687, 280205
7532, 2277529, 1437428, 280458
7536, 2278715, 1438168, 280572
7540, 2279899, 1438906, 280824
7544, 2281089, 1439650, 280824
7548, 2282275, 1440390, 280914
7552, 2283463, 1441132, 281123
7556, 2284653, 1441876, 281079
7560, 2285878, 1442655, 281271
7564, 2287102, 1443433, 281481
7568, 2288326, 1444211, 281860
7572, 2289513, 1444952, 281856
7576, 2290737, 1445730, 282026
7580, 2291961, 1446508, 282247
7584, 2293208, 1447309, 282367
7588, 2294431, 1448086, 282627
7592, 2295655, 1448864, 282716
7596, 2296886, 1449649, 282786
7600, 2298115, 1450432, 283058
7604, 2299341, 1451212, 283148
7608, 2300592, 1452017, 283366
7612, 2301837, 1452816, 283496
7616, 2303066, 1453599, 283730
7620, 2304268, 1454355, 283696
7624, 2305496, 1455137, 283830
7628, 2306724, 1455919, 284162
7632, 2307912, 1456661, 284507
7636, 2309092, 1457395, 284482
7640, 2310280, 1458137, 284582
7644, 2311529, 1458940, 284756
7648, 2312764, 1459729, 284867
7652, 2314013, 1460532, 285111
7656, 2315239, 1461312, 285137
7660, 2316482, 1462109, 285477
7664, 2317763, 1462944, 285602
7668, 2318993, 1463728, 285780
7672, 2320227, 1464516, 285988
7676, 2321437, 1465280, 286145
7680, 2322680, 1466077, 286313
7684, 2323875, 1466826, 286328
7688, 2325067, 1467572, 286553
7692, 2326257, 1468316, 286606
7696, 2327477, 1469090, 286752
7700, 2328707, 1469874, 287023
7704, 2329923, 1470644, 287160
7708, 2331143, 1471418, 287387
7712, 2332362, 1472191, 287425
7716, 2333580, 1472963, 287860
7720, 2334798, 1473735, 287815
7724, 2336023, 1474514, 287911
7728, 2337210, 1475255, 288096
7732, 2338439, 1476038, 288112
7736, 2339665, 1476818, 288488
7740, 2340885, 1477592, 288642
7744, 2342111, 1478372, 288605
7748, 2343331, 1479146, 288897
7752, 2344543, 1479912, 288988
7756, 2345735, 1480658, 289319
7760, 2346960, 1481437, 289295
7764, 2348146, 1482177, 289502
7768, 2349334, 1482919, 289566
7772, 2350525, 1483664, 289792
7776, 2351711, 1484404, 289816
7780, 2352932, 1485179, 290021
7784, 2354156, 1485957, 290230
7788, 2355383, 1486738, 290351
7792, 2356604, 1487513, 290534
7796, 2357830, 1488293, 290616
7800, 2359068, 1489085, 290850
7804, 2360308, 1489879, 290962
7808, 2361549, 1490674, 291025
7812, 2362781, 1491460, 291234
7816, 2364017, 1492250, 291457
7820, 2365248, 1493035, 291733
7824, 2366479, 1493820, 291809
7828, 2367678, 1494573, 291747
7832, 2368866, 1495315, 291945
7836, 2370054, 1496057, 292208
7840, 2371278, 1496835, 292324
7844, 2372503, 1497614, 292414
7848, 2373692, 1498357, 292611
7852, 2374880, 1499099, 292785
7856, 2376108, 1499881, 292931
7860, 2377333, 1500660, 293025
7864, 2378556, 1501437, 293266
7868, 2379781, 1502216, 293429
7872, 2381003, 1502992, 293514
7876, 2382226, 1503769, 293696
7880, 2383452, 1504549, 293931
7884, 2384675, 1505326, 294037
7888, 2385898, 1506103, 294109
7892, 2387122, 1506881, 294319
7896, 2388310, 1507623, 294606
7900, 2389497, 1508364, 294664
7904, 2390684, 1509105, 294716
7908, 2391869, 1509844, 294868
7912, 2393056, 1510585, 295055
7916, 2394243, 1511326, 294976
7920, 2395427, 1512064, 295219
7924, 2396614, 1512805, 295493
7928, 2397802, 1513547, 295601
7932, 2399030, 1514329, 295734
7936, 2400277, 1515130, 295863
7940, 2401509, 1515916, 296143
7944, 2402693, 1516654, 296200
7948, 2403889, 1517404, 296454
7952, 2405074, 1518143, 296691
7956, 2406318, 1518941, 296728
7960, 2407508, 1519685, 296878
7964, 2408698, 1520429, 297087
7968, 2409889, 1521174, 296998
7972, 2411115, 1521954, 297284
7976, 2412360, 1522753, 297489
7980, 2413553, 1523500, 297625
7984, 2414739, 1524240, 297765
7988, 2415962, 1525017, 297838
7992, 2417185, 1525794, 298088
7996, 2418381, 1526544, 298294
8000, 2419575, 1527292, 298392
8004, 2420771, 1528042, 298497
8008, 2421957, 1528782, 298659
8012, 2423188, 1529567, 298851
8016, 2424429, 1530362, 298954
8020, 2425663, 1531150, 299122
8024, 2426901, 1531942, 299257
8028, 2428144, 1532739, 299356
8032, 2429338, 1533487, 299571
8036, 2430573, 1534276, 299687
8040, 2431809, 1535066, 299834
8044, 2433045, 1535856, 300007
8048, 2434282, 1536647, 300225
8052, 2435525, 1537444, 300347
8056, 2436710, 1538183, 300454
8060, 2437942, 1538969, 300697
8064, 2439175, 1539756, 300733
8068, 2440422, 1540557, 301098
8072, 2441652, 1541341, 301161
8076, 2442863, 1542106, 301247
8080, 2444049, 1542846, 301469
8084, 2445238, 1543589, 301715
8088, 2446429, 1544334, 301798
8092, 2447615, 1545074, 301782
8096, 2448801, 1545814, 302086
8100, 2449985, 1546552, 302243
8104, 2451172, 1547293, 302353
8108, 2452364, 1548039, 302425
8112, 2453558, 1548787, 302528
8116, 2454745, 1549528, 302637
8120, 2455969, 1550306, 302952
8124, 2457192, 1551083, 303038
8128, 2458415, 1551860, 303267
8132, 2459639, 1552638, 303380
8136, 2460827, 1553380, 303535
8140, 2462014, 1554121, 303580
8144, 2463239, 1554900, 303737
8148, 2464431, 1555646, 303926
8152, 2465613, 1556382, 304101
8156, 2466794, 1557117, 304265
8160, 2467978, 1557855, 304377
8164, 2469161, 1558592, 304578
8168, 2470344, 1559329, 304635
8172, 2471529, 1560068, 304711
8176, 2472714, 1560807, 304860
8180, 2473941, 1561588, 305131
8184, 2475167, 1562368, 305153
8188, 2476348, 1563103, 305423
8192, 2477537, 1563846, 305616
8196, 2478757, 1564620, 305601
8200, 2479977, 1565394, 305831
8204, 2481192, 1566163, 305997
8208, 2482414, 1566939, 306072
8212, 2483606, 1567685, 306356
8216, 2484802, 1568435, 306414
8220, 2485997, 1569184, 306654
8224, 2487231, 1569972, 306755
8228, 2488427, 1570722, 306941
8232, 2489623, 1571472, 307088
8236, 2490821, 1572224, 307041
8240, 2492018, 1572975, 307346
8244, 2493210, 1573721, 307489
8248, 2494404, 1574469, 307634
8252, 2495602, 1575221, 307550
8256, 2496796, 1575969, 307857
8260, 2497989, 1576716, 307866
8264, 2499186, 1577467, 308018
8268, 2500372, 1578207, 308314
8272, 2501598, 1578987, 308523
8276, 2502818, 1579761, 308493
8280, 2504041, 1580538, 308697
8284, 2505227, 1581278, 308829
8288, 2506459, 1582064, 308970
8292, 2507678, 1582837, 309281
8296, 2508895, 1583608, 309260
8300, 2510116, 1584383, 309345
8304, 2511334, 1585155, 309520
8308, 2512569, 1585944, 309768
8312, 2513756, 1586685, 309844
8316, 2514942, 1587425, 310042
8320, 2516126, 1588163, 310189
8324, 2517312, 1588903, 310367
8328, 2518511, 1589656, 310551
8332, 2519696, 1590395, 310723
8336, 2520882, 1591135, 310814
8340, 2522070, 1591877, 311047
8344, 2523297, 1592658, 311062
8348, 2524484, 1593399, 311250
8352, 2525710, 1594179, 311431
8356, 2526898, 1594921, 311613
8360, 2528107, 1595684, 311683
8364, 2529306, 1596437, 311853
8368, 2530491, 1597176, 311918
8372, 2531676, 1597915, 312139
8376, 2532865, 1598658, 312216
8380, 2534094, 1599441, 312368
8384, 2535344, 1600245, 312677
8388, 2536541, 1600996, 312738
8392, 2537775, 1601784, 312965
8396, 2538996, 1602559, 313059
8400, 2540217, 1603334, 313229
8404, 2541402, 1604073, 313404
8408, 2542625, 1604850, 313504
8412, 2543848, 1605627, 313748
8416, 2545094, 1606427, 313816
8420, 2546279, 1607166, 313926
8424, 2547534, 1607975, 314161
8428, 2548760, 1608755, 314387
8432, 2549977, 1609526, 314533
8436, 2551204, 1610307, 314748
8440, 2552441, 1611098, 314794
8444, 2553667, 1611878, 314963
8448, 2554854, 1612619, 315254
8452, 2556079, 1613398, 315171
8456, 2557305, 1614178, 315370
8460, 2558494, 1614921, 315507
8464, 2559679, 1615660, 315807
8468, 2560868, 1616403, 315887
8472, 2562094, 1617183, 316186
8476, 2563281, 1617924, 316082
8480, 2564468, 1618665, 316290
8484, 2565655, 1619406, 316246
8488, 2566842, 1620147, 316552
8492, 2568026, 1620885, 316764
8496, 2569252, 1621665, 316769
8500, 2570475, 1622442, 317105
8504, 2571700, 1623221, 317323
8508, 2572939, 1624014, 317337
8512, 2574164, 1624793, 317558
8516, 2575385, 1625568, 317525
8520, 2576608, 1626345, 317965
8524, 2577832, 1627123, 317819
8528, 2579054, 1627899, 318234
8532, 2580238, 1628637, 318221
8536, 2581463, 1629416, 318404
8540, 2582690, 1630197, 318550
8544, 2583921, 1630982, 318714
8548, 2585150, 1631765, 318877
8552, 2586375, 1632544, 319108
8556, 2587602, 1633325, 319228
8560, 2588826, 1634103, 319095
8564, 2590014, 1634845, 319460
8568, 2591201, 1635586, 319575
8572, 2592386, 1636325, 319808
8576, 2593566, 1637059, 319881
8580, 2594748, 1637795, 320055
8584, 2595927, 1638528, 320274
8588, 2597144, 1639299, 320247
8592, 2598377, 1640086, 320481
8596, 2599562, 1640825, 320599
8600, 2600754, 1641571, 320780
8604, 2601938, 1642309, 320853
8608, 2603135, 1643060, 321027
8612, 2604359, 1643838, 321188
8616, 2605589, 1644622, 321350
8620, 2606823, 1645410, 321503
8624, 2608007, 1646148, 321704
8628, 2609195, 1646890, 321931
8632, 2610419, 1647668, 321925
8636, 2611639, 1648442, 322191
8640, 2612870, 1649227, 322305
8644, 2614092, 1650003, 322476
8648, 2615317, 1650782, 322692
8652, 2616589, 1651608, 322918
8656, 2617860, 1652433, 322989
8660, 2619079, 1653206, 323040
8664, 2620300, 1653981, 323174
8668, 2621490, 1654725, 323394
8672, 2622675, 1655464, 323630
8676, 2623857, 1656200, 323646
8680, 2625040, 1656937, 323896
8684, 2626269, 1657720, 324032
8688, 2627494, 1658499, 324166
8692, 2628719, 1659278, 324433
8696, 2629945, 1660058, 324519
8700, 2631175, 1660842, 324678
8704, 2632398, 1661619, 324912
8708, 2633629, 1662404, 325073
8712, 2634856, 1663185, 325153
8716, 2636085, 1663968, 325296
8720, 2637305, 1664742, 325447
8724, 2638526, 1665517, 325514
8728, 2639756, 1666301, 325836
8732, 2640974, 1667073, 325850
8736, 2642202, 1667855, 326002
8740, 2643444, 1668651, 326427
8744, 2644691, 1669452, 326404
8748, 2645910, 1670225, 326728
8752, 2647143, 1671012, 326797
8756, 2648383, 1671806, 326861
8760, 2649623, 1672600, 327002
8764, 2650850, 1673381, 327334
8768, 2652072, 1674157, 327341
8772, 2653296, 1674935, 327418
8776, 2654519, 1675712, 327792
8780, 2655706, 1676453, 327888
8784, 2656925, 1677226, 328119
8788, 2658147, 1678002, 328207
8792, 2659321, 1678730, 328405
8796, 2660505, 1679468, 328444
8800, 2661728, 1680245, 328580
8804, 2662950, 1681021, 328787
8808, 2664136, 1681761, 328835
8812, 2665323, 1682502, 328967
8816, 2666505, 1683238, 329173
8820, 2667688, 1683975, 329358
8824, 2668910, 1684751, 329444
8828, 2670139, 1685534, 329578
8832, 2671365, 1686314, 329727
8836, 2672590, 1687093, 329946
8840, 2673792, 1687849, 330112
8844, 2675029, 1688640, 330245
8848, 2676218, 1689383, 330323
8852, 2677407, 1690126, 330482
8856, 2678646, 1690919, 330689
8860, 2679878, 1691705, 330817
8864, 2681117, 1692498, 330887
8868, 2682355, 1693290, 331237
8872, 2683583, 1694072, 331378
8876, 2684811, 1694854, 331661
8880, 2686025, 1695622, 331629
8884, 2687209, 1696360, 331916
8888, 2688409, 1697114, 332151
8892, 2689635, 1697894, 332025
8896, 2690818, 1698631, 332331
8900, 2692042, 1699409, 332468
8904, 2693223, 1700144, 332567
8908, 2694409, 1700884, 332878
8912, 2695595, 1701624, 332870
8916, 2696779, 1702362, 333031
8920, 2698000, 1703137, 333150
8924, 2699223, 1703914, 333245
8928, 2700444, 1704689, 333470
8932, 2701670, 1705469, 333538
8936, 2702895, 1706248, 333800
8940, 2704121, 1707028, 333945
8944, 2705309, 1707770, 334076
8948, 2706497, 1708512, 334149
8952, 2707683, 1709252, 334413
8956, 2708870, 1709993, 334346
8960, 2710056, 1710733, 334671
8964, 2711245, 1711476, 334730
8968, 2712433, 1712218, 335009
8972, 2713622, 1712961, 335132
8976, 2714849, 1713742, 335265
8980, 2716073, 1714520, 335276
8984, 2717297, 1715298, 335514
8988, 2718522, 1716077, 335728
8992, 2719748, 1716857, 335896
8996, 2720968, 1717631, 336023
9000, 2722193, 1718410, 336103
9004, 2723416, 1719187, 336193
9008, 2724639, 1719964, 336506
9012, 2725876, 1720755, 336652
9016, 2727068, 1721501, 336934
9020, 2728259, 1722246, 336936
9024, 2729490, 1723031, 337118
9028, 2730721, 1723816, 337401
9032, 2731913, 1724562, 337387
9036, 2733107, 1725310, 337420
9040, 2734336, 1726093, 337681
9044, 2735568, 1726879, 337922
9048, 2736799, 1727664, 337968
9052, 2738029, 1728448, 338144
9056, 2739258, 1729231, 338197
9060, 2740488, 1730015, 338464
9064, 2741707, 1730788, 338595
9068, 2742930, 1731565, 338799
9072, 2744150, 1732339, 338863
9076, 2745370, 1733113, 339126
9080, 2746611, 1733908, 339280
9084, 2747832, 1734683, 339279
9088, 2749091, 1735496, 339613
9092, 2750317, 1736276, 339799
9096, 2751544, 1737057, 340055
9100, 2752771, 1737838, 340091
9104, 2753997, 1738618, 340283
9108, 2755223, 1739398, 340486
9112, 2756449, 1740178, 340639
9116, 2757673, 1740956, 340647
9120, 2758857, 1741694, 340928
9124, 2760040, 1742431, 341049
9128, 2761268, 1743213, 340990
9132, 2762503, 1744002, 341157
9136, 2763736, 1744789, 341564
9140, 2764960, 1745567, 341736
9144, 2766186, 1746347, 341795
9148, 2767410, 1747125, 341803
9152, 2768635, 1747904, 341993
9156, 2769860, 1748683, 342214
9160, 2771046, 1749423, 342484
9164, 2772267, 1750198, 342552
9168, 2773493, 1750978, 342788
9172, 2774716, 1751755, 342798
9176, 2775900, 1752493, 343088
9180, 2777086, 1753233, 343181
9184, 2778266, 1753967, 343298
9188, 2779492, 1754747, 343537
9192, 2780678, 1755487, 343736
9196, 2781865, 1756228, 343707
9200, 2783051, 1756968, 343927
9204, 2784285, 1757756, 344056
9208, 2785515, 1758540, 344223
9212, 2786795, 1759374, 344436
9216, 2788040, 1760173, 344733
9220, 2789266, 1760953, 344734
9224, 2790463, 1761704, 345011
9228, 2791690, 1762485, 345074
9232, 2792912, 1763261, 345131
9236, 2794156, 1764059, 345357
9240, 2795403, 1764860, 345647
9244, 2796649, 1765660, 345681
9248, 2797910, 1766475, 345816
9252, 2799164, 1767283, 345905
9256, 2800388, 1768061, 346208
9260, 2801665, 1768892, 346373
9264, 2802965, 1769746, 346614
9268, 2804246, 1770581, 346725
9272, 2805475, 1771364, 347042
9276, 2806737, 1772180, 347084
9280, 2807967, 1772964, 347502
9284, 2809192, 1773743, 347658
9288, 2810421, 1774526, 347732
9292, 2811645, 1775304, 347929
9296, 2812872, 1776085, 347994
9300, 2814094, 1776861, 348190
9304, 2815316, 1777637, 348504
9308, 2816509, 1778384, 348537
9312, 2817727, 1779156, 348627
9316, 2818948, 1779931, 348902
9320, 2820129, 1780666, 348905
9324, 2821314, 1781405, 349053
9328, 2822533, 1782178, 349132
9332, 2823752, 1782951, 349302
9336, 2824936, 1783689, 349605
9340, 2826155, 1784462, 349586
9344, 2827349, 1785210, 349695
9348, 2828571, 1785986, 349899
9352, 2829795, 1786764, 350048
9356, 2831020, 1787543, 350206
9360, 2832244, 1788321, 350489
9364, 2833473, 1789104, 350592
9368, 2834695, 1789880, 350828
9372, 2835920, 1790659, 350940
9376, 2837142, 1791435, 351057
9380, 2838364, 1792211, 351231
9384, 2839588, 1792989, 351405
9388, 2840811, 1793766, 351715
9392, 2842039, 1794548, 351739
9396, 2843263, 1795326, 351910
9400, 2844449, 1796066, 351960
9404, 2845673, 1796844, 352156
9408, 2846856, 1797581, 352217
9412, 2848075, 1798354, 352478
9416, 2849298, 1799131, 352567
9420, 2850515, 1799902, 352667
9424, 2851731, 1800672, 352946
9428, 2852949, 1801444, 353105
9432, 2854167, 1802216, 353277
9436, 2855385, 1802988, 353416
9440, 2856603, 1803760, 353580
9444, 2857828, 1804539, 353757
9448, 2859051, 1805316, 353722
9452, 2860279, 1806098, 354007
9456, 2861516, 1806889, 354121
9460, 2862751, 1807678, 354317
9464, 2863950, 1808431, 354555
9468, 2865186, 1809221, 354630
9472, 2866420, 1810009, 354878
9476, 2867655, 1810798, 355057
9480, 2868925, 1811622, 355177
9484, 2870114, 1812365, 355266
9488, 2871294, 1813099, 355598
9492, 2872514, 1813873, 355458
9496, 2873734, 1814647, 355769
9500, 2874954, 1815421, 355797
9504, 2876172, 1816193, 356192
9508, 2877391, 1816966, 356133
9512, 2878610, 1817739, 356361
9516, 2879830, 1818513, 356522
9520, 2881011, 1819248, 356732
9524, 2882197, 1819988, 356860
9528, 2883387, 1820732, 356922
9532, 2884613, 1821512, 357097
9536, 2885841, 1822294, 357366
9540, 2887076, 1823083, 357387
9544, 2888303, 1823864, 357615
9548, 2889528, 1824643, 357728
9552, 2890757, 1825426, 357811
9556, 2891977, 1826200, 357928
9560, 2893200, 1826977, 358298
9564, 2894388, 1827719, 358499
9568, 2895575, 1828460, 358483
9572, 2896760, 1829199, 358700
9576, 2897984, 1829977, 358836
9580, 2899209, 1830756, 358778
9584, 2900434, 1831535, 359180
9588, 2901655, 1832310, 359313
9592, 2902881, 1833090, 359244
9596, 2904108, 1833871, 359645
9600, 2905332, 1834649, 359776
9604, 2906560, 1835431, 359978
9608, 2907779, 1836204, 359980
9612, 2909001, 1836980, 360119
9616, 2910222, 1837755, 360328
9620, 2911445, 1838532, 360529
9624, 2912669, 1839310, 360738
9628, 2913895, 1840090, 360931
9632, 2915118, 1840867, 361195
9636, 2916340, 1841643, 361191
9640, 2917562, 1842419, 361196
9644, 2918785, 1843196, 361535
9648, 2920010, 1843975, 361638
9652, 2921233, 1844752, 361805
9656, 2922457, 1845530, 361905
9660, 2923682, 1846309, 362085
9664, 2924910, 1847091, 362180
9668, 2926149, 1847884, 362383
9672, 2927374, 1848663, 362610
9676, 2928607, 1849450, 362610
9680, 2929832, 1850229, 362898
9684, 2931058, 1851009, 362976
9688, 2932290, 1851795, 363143
9692, 2933507, 1852566, 363309
9696, 2934687, 1853300, 363417
9700, 2935905, 1854072, 363593
9704, 2937126, 1854847, 363784
9708, 2938362, 1855637, 364019
9712, 2939552, 1856381, 364153
9716, 2940738, 1857121, 364336
9720, 2941925, 1857862, 364413
9724, 2943115, 1858606, 364520
9728, 2944341, 1859386, 364712
9732, 2945558, 1860157, 364831
9736, 2946742, 1860895, 364990
9740, 2947960, 1861667, 365066
9744, 2949178, 1862439, 365260
9748, 2950396, 1863211, 365468
9752, 2951615, 1863984, 365599
9756, 2952794, 1864717, 365668
9760, 2954059, 1865536, 365877
9764, 2955280, 1866311, 365972
9768, 2956510, 1867095, 366174
9772, 2957696, 1867835, 366373
9776, 2958923, 1868616, 366361
9780, 2960156, 1869403, 366720
9784, 2961387, 1870188, 366866
9788, 2962613, 1870968, 367125
9792, 2963843, 1871752, 367320
9796, 2965069, 1872532, 367307
9800, 2966297, 1873314, 367435
9804, 2967488, 1874059, 367684
9808, 2968712, 1874837, 367883
9812, 2969943, 1875622, 367879
9816, 2971181, 1876414, 367897
9820, 2972359, 1877146, 368235
9824, 2973696, 1878037, 368533
9828, 2974890, 1878785, 368651
9832, 2976078, 1879527, 368744
9836, 2977305, 1880308, 369061
9840, 2978529, 1881086, 369111
9844, 2979754, 1881865, 369235
9848, 2980978, 1882643, 369412
9852, 2982204, 1883423, 369559
9856, 2983427, 1884200, 369853
9860, 2984651, 1884978, 369939
9864, 2985877, 1885758, 370086
9868, 2987103, 1886538, 370334
9872, 2988327, 1887316, 370383
9876, 2989552, 1888095, 370469
9880, 2990778, 1888875, 370683
9884, 2992003, 1889654, 370908
9888, 2993227, 1890432, 370978
9892, 2994454, 1891213, 371090
9896, 2995678, 1891991, 371215
9900, 2996865, 1892732, 371407
9904, 2998054, 1893475, 371500
9908, 2999240, 1894215, 371729
9912, 3000428, 1894957, 371766
9916, 3001617, 1895700, 372066
9920, 3002841, 1896478, 372168
9924, 3004066, 1897257, 372272
9928, 3005292, 1898037, 372577
9932, 3006517, 1898816, 372600
9936, 3007702, 1899555, 372803
9940, 3008927, 1900334, 372988
9944, 3010150, 1901111, 373068
9948, 3011376, 1901891, 373368
9952, 3012602, 1902671, 373352
9956, 3013825, 1903448, 373556
9960, 3015047, 1904224, 373475
9964, 3016233, 1904964, 373824
9968, 3017456, 1905741, 374003
9972, 3018678, 1906517, 374152
9976, 3019901, 1907294, 374387
9980, 3021158, 1908105, 374461
9984, 3022384, 1908885, 374701
9988, 3023610, 1909665, 374876
9992, 3024806, 1910415, 374885
9996, 3025991, 1911154, 375074
10000, 3027176, 1911893, 375211
10004, 3028361, 1912632, 375195
10008, 3029552, 1913377, 375463
10012, 3030737, 1914116, 375761
10016, 3031973, 1914906, 375961
10020, 3033245, 1915732, 375953
10024, 3034475, 1916516, 376165
10028, 3035709, 1917304, 376251
10032, 3036942, 1918091, 376401
10036, 3038172, 1918875, 376576
10040, 3039414, 1919671, 376680
10044, 3040652, 1920463, 376927
10048, 3041857, 1921222, 377157
10052, 3043080, 1921999, 377281
10056, 3044323, 1922796, 377403
10060, 3045565, 1923592, 377609
10064, 3046791, 1924372, 377644
10068, 3048032, 1925167, 377900
10072, 3049276, 1925965, 378208
10076, 3050515, 1926758, 378330
10080, 3051755, 1927552, 378439
10084, 3052997, 1928348, 378615
10088, 3054239, 1929144, 378801
10092, 3055484, 1929943, 378769
10096, 3056713, 1930726, 379064
10100, 3057942, 1931509, 379198
10104, 3059175, 1932296, 379239
10108, 3060416, 1933091, 379491
10112, 3061657, 1933886, 379679
10116, 3062886, 1934669, 379898
10120, 3064108, 1935445, 380103
10124, 3065344, 1936235, 380326
10128, 3066568, 1937013, 380368
10132, 3067784, 1937783, 380408
10136, 3068974, 1938527, 380603
10140, 3070163, 1939270, 380704
10144, 3071352, 1940013, 380745
10148, 3072543, 1940758, 381009
10152, 3073732, 1941501, 381256
10156, 3074915, 1942238, 381388
10160, 3076113, 1942990, 381526
10164, 3077305, 1943736, 381605
10168, 3078494, 1944479, 381760
10172, 3079682, 1945221, 381907
10176, 3080905, 1945998, 382039
10180, 3082127, 1946774, 382215
10184, 3083358, 1947559, 382467
10188, 3084585, 1948340, 382596
10192, 3085775, 1949084, 382576
10196, 3086955, 1949818, 382824
10200, 3088189, 1950606, 383012
10204, 3089423, 1951394, 383239
10208, 3090656, 1952181, 383237
10212, 3091889, 1952968, 383496
10216, 3093123, 1953756, 383656
10220, 3094355, 1954542, 384057
10224, 3095587, 1955328, 383967
10228, 3096835, 1956130, 384115
10232, 3098060, 1956909, 384272
10236, 3099287, 1957690, 384578
10240, 3100517, 1958474, 384724
10244, 3101746, 1959257, 384780
10248, 3103014, 1960079, 385069
10252, 3104251, 1960870, 385116
10256, 3105450, 1961623, 385165
10260, 3106669, 1962396, 385497
10264, 3107864, 1963145, 385564
10268, 3109060, 1963895, 385639
10272, 3110248, 1964637, 386014
10276, 3111443, 1965386, 386225
10280, 3112629, 1966126, 386318
10284, 3113813, 1966864, 386308
10288, 3115035, 1967640, 386484
10292, 3116256, 1968415, 386661
10296, 3117478, 1969191, 386746
10300, 3118701, 1969968, 386946
10304, 3119887, 1970708, 387064
10308, 3121112, 1971487, 387157
10312, 3122296, 1972225, 387343
10316, 3123517, 1973000, 387552
10320, 3124700, 1973737, 387771
10324, 3125928, 1974519, 387757
10328, 3127151, 1975296, 388054
10332, 3128337, 1976036, 388072
10336, 3129522, 1976775, 388230
10340, 3130710, 1977517, 388410
10344, 3131899, 1978260, 388537
10348, 3133080, 1978995, 388625
10352, 3134269, 1979738, 388801
10356, 3135455, 1980478, 389022
10360, 3136643, 1981220, 389165
10364, 3137830, 1981961, 389251
10368, 3139055, 1982740, 389543
10372, 3140281, 1983520, 389486
10376, 3141507, 1984300, 389705
10380, 3142729, 1985076, 389935
10384, 3143970, 1985871, 390087
10388, 3145196, 1986651, 390168
10392, 3146396, 1987405, 390412
10396, 3147582, 1988145, 390407
10400, 3148797, 1988914, 390629
10404, 3150025, 1989696, 390778
10408, 3151257, 1990482, 391034
10412, 3152453, 1991232, 390981
10416, 3153649, 1991982, 391051
10420, 3154844, 1992731, 391363
10424, 3156037, 1993478, 391540
10428, 3157232, 1994227, 391706
10432, 3158463, 1995012, 391965
10436, 3159696, 1995799, 391937
10440, 3160929, 1996586, 392174
10444, 3162161, 1997372, 392374
10448, 3163396, 1998161, 392373
10452, 3164634, 1998953, 392663
10456, 3165818, 1999691, 392825
10460, 3167004, 2000431, 392878
10464, 3168226, 2001207, 393089
10468, 3169447, 2001982, 393217
10472, 3170671, 2002760, 393240
10476, 3171894, 2003537, 393695
10480, 3173117, 2004314, 393741
10484, 3174341, 2005092, 393674
10488, 3175566, 2005871, 393901
10492, 3176753, 2006612, 394066
10496, 3177938, 2007351, 394069
10500, 3179167, 2008134, 394443
10504, 3180389, 2008910, 394657
10508, 3181607, 2009682, 394739
10512, 3182823, 2010452, 394998
10516, 3184037, 2011220, 395200
10520, 3185252, 2011989, 395219
10524, 3186470, 2012761, 395269
10528, 3187687, 2013532, 395627
10532, 3188904, 2014303, 395675
10536, 3190124, 2015077, 395912
10540, 3191342, 2015849, 396067
10544, 3192558, 2016619, 396075
10548, 3193776, 2017391, 396249
10552, 3194992, 2018161, 396414
10556, 3196213, 2018936, 396722
10560, 3197441, 2019718, 396708
10564, 3198665, 2020496, 397000
10568, 3199853, 2021238, 396959
10572, 3201044, 2021983, 397094
10576, 3202231, 2022724, 397312
10580, 3203415, 2023462, 397515
10584, 3204602, 2024203, 397612
10588, 3205796, 2024951, 397709
10592, 3206998, 2025707, 397906
10596, 3208184, 2026447, 398039
10600, 3209410, 2027227, 398234
10604, 3210640, 2028011, 398407
10608, 3211828, 2028753, 398562
10612, 3213019, 2029498, 398777
10616, 3214209, 2030242, 398701
10620, 3215431, 2031018, 398948
10624, 3216656, 2031797, 399189
10628, 3217885, 2032580, 399295
10632, 3219106, 2033355, 399355
10636, 3220335, 2034138, 399652
10640, 3221555, 2034912, 399684
10644, 3222808, 2035719, 399886
10648, 3224038, 2036503, 400079
10652, 3225269, 2037288, 400453
10656, 3226488, 2038061, 400449
10660, 3227723, 2038850, 400652
10664, 3228958, 2039639, 400738
10668, 3230186, 2040421, 400673
10672, 3231412, 2041201, 400984
10676, 3232636, 2041979, 401248
10680, 3233861, 2042758, 401481
10684, 3235084, 2043535, 401456
10688, 3236311, 2044316, 401721
10692, 3237535, 2045094, 401931
10696, 3238757, 2045870, 402005
10700, 3239981, 2046648, 402219
10704, 3241168, 2047389, 402250
10708, 3242353, 2048128, 402417
10712, 3243577, 2048906, 402700
10716, 3244801, 2049684, 402885
10720, 3246026, 2050463, 402997
10724, 3247254, 2051245, 403118
10728, 3248479, 2052024, 403343
10732, 3249665, 2052764, 403396
10736, 3250851, 2053504, 403598
10740, 3252038, 2054245, 403657
10744, 3253227, 2054988, 403905
10748, 3254454, 2055769, 403883
10752, 3255681, 2056550, 404055
10756, 3256907, 2057330, 404272
10760, 3258084, 2058061, 404400
10764, 3259304, 2058835, 404647
10768, 3260534, 2059619, 404596
10772, 3261775, 2060414, 404926
10776, 3263016, 2061209, 405031
10780, 3264256, 2062003, 405306
10784, 3265498, 2062799, 405466
10788, 3266741, 2063596, 405655
10792, 3267980, 2064389, 405741
10796, 3269220, 2065183, 405963
10800, 3270443, 2065960, 405983
10804, 3271657, 2066728, 406224
10808, 3272894, 2067519, 406292
10812, 3274114, 2068293, 406375
10816, 3275375, 2069108, 406690
10820, 3276595, 2069882, 406928
10824, 3277801, 2070642, 407023
10828, 3279046, 2071441, 407254
10832, 3280240, 2072189, 407286
10836, 3281459, 2072962, 407615
10840, 3282697, 2073754, 407606
10844, 3283927, 2074538, 407843
10848, 3285169, 2075334, 408063
10852, 3286409, 2076128, 408203
10856, 3287659, 2076932, 408344
10860, 3288905, 2077732, 408626
10864, 3290140, 2078521, 408858
10868, 3291377, 2079312, 409101
10872, 3292610, 2080099, 409109
10876, 3293833, 2080876, 409366
10880, 3295056, 2081653, 409447
10884, 3296276, 2082427, 409578
10888, 3297508, 2083213, 409728
10892, 3298732, 2083991, 409991
10896, 3299956, 2084769, 410036
10900, 3301180, 2085547, 410250
10904, 3302404, 2086325, 410205
10908, 3303600, 2087075, 410563
10912, 3304796, 2087825, 410736
10916, 3306034, 2088617, 411023
10920, 3307269, 2089406, 410858
10924, 3308497, 2090188, 411301
10928, 3309729, 2090974, 411315
10932, 3310962, 2091761, 411416
10936, 3312184, 2092537, 411845
10940, 3313368, 2093275, 411873
10944, 3314554, 2094015, 412007
10948, 3315744, 2094759, 411862
10952, 3316925, 2095494, 412420
10956, 3318105, 2096228, 412415
10960, 3319287, 2096964, 412391
10964, 3320469, 2097700, 412735
10968, 3321687, 2098472, 412667
10972, 3322865, 2099204, 412924
10976, 3324046, 2099939, 413054
10980, 3325267, 2100714, 413165
10984, 3326449, 2101450, 413421
10988, 3327632, 2102187, 413555
10992, 3328854, 2102963, 413486
10996, 3330036, 2103699, 413693
11000, 3331257, 2104474, 413968
11004, 3332490, 2105261, 414025
11008, 3333712, 2106037, 414259
11012, 3334952, 2106831, 414474
11016, 3336220, 2107653, 414619
11020, 3337441, 2108428, 414631
11024, 3338620, 2109161, 415110
11028, 3339838, 2109933, 415060
11032, 3341055, 2110704, 415304
11036, 3342272, 2111475, 415403
11040, 3343489, 2112246, 415464
11044, 3344710, 2113021, 415673
11048, 3345928, 2113793, 415906
11052, 3347143, 2114562, 416056
11056, 3348358, 2115331, 416297
11060, 3349574, 2116101, 416075
11064, 3350752, 2116833, 416457
11068, 3351969, 2117604, 416435
11072, 3353187, 2118376, 416778
11076, 3354414, 2119157, 416988
11080, 3355636, 2119933, 417203
11084, 3356851, 2120702, 417427
11088, 3358101, 2121506, 417509
11092, 3359325, 2122284, 417692
11096, 3360580, 2123093, 417873
11100, 3361803, 2123870, 417933
11104, 3363027, 2124648, 418101
11108, 3364251, 2125426, 418213
11112, 3365482, 2126211, 418326
11116, 3366709, 2126992, 418455
11120, 3367906, 2127743, 418766
11124, 3369132, 2128523, 418866
11128, 3370319, 2129264, 419119
11132, 3371532, 2130031, 419238
11136, 3372717, 2130770, 419538
11140, 3373906, 2131513, 419516
11144, 3375090, 2132251, 419645
11148, 3376280, 2132995, 419839
11152, 3377468, 2133737, 419914
11156, 3378656, 2134479, 420140
11160, 3379878, 2135255, 420111
11164, 3381064, 2135995, 420325
11168, 3382248, 2136733, 420357
11172, 3383457, 2137496, 420605
11176, 3384643, 2138236, 420637
11180, 3385872, 2139019, 420953
11184, 3387096, 2139797, 421033
11188, 3388326, 2140581, 421446
11192, 3389550, 2141359, 421452
11196, 3390736, 2142099, 421649
11200, 3391970, 2142887, 421890
11204, 3393188, 2143659, 421900
11208, 3394423, 2144448, 422130
11212, 3395648, 2145227, 422185
11216, 3396869, 2146002, 422331
11220, 3398130, 2146817, 422615
11224, 3399355, 2147596, 422723
11228, 3400581, 2148376, 422778
11232, 3401808, 2149157, 423039
11236, 3403034, 2149937, 423258
11240, 3404259, 2150716, 423279
11244, 3405444, 2151455, 423475
11248, 3406670, 2152235, 423655
11252, 3407928, 2153047, 423847
11256, 3409116, 2153789, 424014
11260, 3410342, 2154569, 424311
11264, 3411567, 2155348, 424346
11268, 3412798, 2156133, 424532
11272, 3413990, 2156879, 424631
11276, 3415255, 2157698, 424655
11280, 3416503, 2158500, 424916
11284, 3417731, 2159282, 425033
11288, 3418956, 2160061, 425261
11292, 3420197, 2160856, 425459
11296, 3421421, 2161634, 425679
11300, 3422647, 2162414, 425832
11304, 3423889, 2163210, 425872
11308, 3425118, 2163993, 426111
11312, 3426341, 2164770, 426296
11316, 3427610, 2165593, 426513
11320, 3428837, 2166374, 426655
11324, 3430064, 2167155, 426655
11328, 3431291, 2167936, 426873
11332, 3432516, 2168715, 427073
11336, 3433738, 2169491, 427262
11340, 3434960, 2170267, 427528
11344, 3436187, 2171048, 427659
11348, 3437411, 2171826, 427761
11352, 3438634, 2172603, 427898
11356, 3439857, 2173380, 428178
11360, 3441083, 2174160, 428234
11364, 3442308, 2174939, 428470
11368, 3443533, 2175718, 428588
11372, 3444757, 2176496, 428619
11376, 3445985, 2177278, 428809
11380, 3447173, 2178020, 428919
11384, 3448355, 2178756, 429159
11388, 3449578, 2179533, 429327
11392, 3450763, 2180272, 429378
11396, 3451951, 2181014, 429489
11400, 3453138, 2181755, 429599
11404, 3454327, 2182498, 429807
11408, 3455513, 2183238, 430004
11412, 3456740, 2184019, 430281
11416, 3457931, 2184764, 430338
11420, 3459123, 2185510, 430471
11424, 3460316, 2186257, 430386
11428, 3461503, 2186998, 430831
11432, 3462690, 2187739, 430945
11436, 3463878, 2188481, 430808
11440, 3465080, 2189237, 431036
11444, 3466280, 2189991, 431242
11448, 3467464, 2190729, 431382
11452, 3468658, 2191477, 431517
11456, 3469855, 2192228, 431674
11460, 3471051, 2192978, 431932
11464, 3472240, 2193721, 431946
11468, 3473436, 2194471, 432043
11472, 3474629, 2195218, 432439
11476, 3475824, 2195967, 432349
11480, 3477018, 2196715, 432421
11484, 3478217, 2197468, 432630
11488, 3479415, 2198220, 432820
11492, 3480613, 2198972, 432960
11496, 3481841, 2199754, 433141
11500, 3483068, 2200535, 433332
11504, 3484309, 2201330, 433455
11508, 3485530, 2202105, 433641
11512, 3486749, 2202878, 433736
11516, 3487965, 2203648, 433930
11520, 3489185, 2204422, 434175
11524, 3490404, 2205195, 434296
11528, 3491621, 2205966, 434500
11532, 3492839, 2206738, 434686
11536, 3494068, 2207521, 434757
11540, 3495289, 2208296, 434976
11544, 3496519, 2209080, 435069
11548, 3497748, 2209863, 435288
11552, 3498977, 2210646, 435291
11556, 3500168, 2211391, 435569
11560, 3501359, 2212136, 435623
11564, 3502552, 2212883, 435847
11568, 3503744, 2213629, 436153
11572, 3504957, 2214396, 436163
11576, 3506143, 2215136, 436106
11580, 3507329, 2215876, 436349
11584, 3508514, 2216615, 436506
11588, 3509737, 2217392, 436814
11592, 3510961, 2218170, 436956
11596, 3512184, 2218947, 437134
